Product URL,Product Name,Product Price,Rating,Number of Reviews,Description,ASIN,Product Description,Manufacturer
https://www.amazon.in/Skybags-Brat-Black-Casual-Backpack/dp/B08Z1HHHTD/ref=sr_1_1?crid=2M096C61O4MLT&keywords=bags&qid=1692123614&sprefix=ba%2Caps%2C283&sr=8-1,Skybags Brat Black 46 Cms Casual Backpack,649,4.1 out of 5 stars,"5,449",Skybags Brat Black 46 Cms Casual Backpack : Amazon.in: Fashion,N/A,"Ideal for a college student who does not carry a lot of books or laptop to college. Very stylish, slim and feature loaded Backpack",Visit the Skybags Store
https://www.amazon.in/American-Tourister-AMT-SCH-02/dp/B07CJCGM1M/ref=sr_1_2?crid=2M096C61O4MLT&keywords=bags&qid=1692123614&sprefix=ba%2Caps%2C283&sr=8-2,American Tourister Fizz Large Size 32 Ltrs Casual Backpack (BLACK),"1,199",4.0 out of 5 stars,"55,105",Buy American Tourister Fizz Large Size 32 Ltrs Casual Backpack (BLACK) from Casual Backpacks at Amazon.in. 30 days free exchange or return,N/A,N/A,Brand: American Tourister
https://www.amazon.in/Half-Moon-Waterproof-Backpack-Students/dp/B085MHDJ93/ref=sr_1_3?crid=2M096C61O4MLT&keywords=bags&qid=1692123614&sprefix=ba%2Caps%2C283&sr=8-3,"Half Moon 35 Ltrs Water Resistant 15.6 inch Laptop Bag for Men/Backpack for Men, Navy Blue | Office Bag for Men/Office Bag for Women with Padded Laptop Compartment | Rain Cover & Reflective Strips",649,3.9 out of 5 stars,"16,870","Buy Half Moon 35 Ltrs Water Resistant 15.6 inch Laptop Bag for Men/Backpack for Men, Navy Blue | Office Bag for Men/Office Bag for Women with Padded Laptop Compartment | Rain Cover & Reflective Strips from Laptop Backpacks at Amazon.in. 30 days free exchange or return",N/A,N/A,Visit the Half Moon Store
https://www.amazon.in/Half-Moon-Backpack-Luggage-Compartment/dp/B09VCLZ3K4/ref=sr_1_4?crid=2M096C61O4MLT&keywords=bags&qid=1692123614&sprefix=ba%2Caps%2C283&sr=8-4,Half Moon Large 37L Laptop Bag Backpack for menं Women Boys and Girls Luggage Travel Bags with 17.3 inches Laptop Compartment & Rain Cover,849,3.9 out of 5 stars,"3,394","Buy Half Moon Large 35 Ltrs Water Resistant 17.3"" Laptop Bag for Men/Backpack for Men, Black | Office Bag for Men/Office Bag for Women with Padded Laptop Compartment | Spacious & Multiple Pockets from Laptop Backpacks at Amazon.in. 30 days free exchange or return",N/A,"This backpack is lightweight water-resistant, capacity of approx 37 Ltr, has a soft and ventilated back panel, and is perfect for carrying all your necessities. Adjustable and breathable padded shoulder strap to meet different requirements for both men and women; made from highly rip and water-resistant polyester fabric, provide strengthen and long-lasting performance; roomy enough for your traveling requirements also having a Rain cover.",Visit the Half Moon Store
https://www.amazon.in/gp/bestsellers/luggage/1984997031/ref=sr_bs_4_1984997031_1,"Fur Jaden 55 LTR Rucksack Travel Backpack Bag for Trekking, Hiking with Shoe Compartment",849,4.3 out of 5 stars,"5,572",Amazon.in Bestsellers: The most popular items in Rucksacks & Trekking Backpacks,N/A,N/A,N/A
https://www.amazon.in/TRUE-HUMAN-Anti-Theft-backpack-charging/dp/B09QJ7ZF2Y/ref=sr_1_6?crid=2M096C61O4MLT&keywords=bags&qid=1692123614&sprefix=ba%2Caps%2C283&sr=8-6,TRUE HUMAN EMPEROR® Anti-Theft backpack With USB charging Port Laptop bag/Office bag/college bag/travel bag with anti -theft back pocket (LEGEND),599,3.7 out of 5 stars,"2,437",Buy TRUE HUMAN EMPEROR® Anti-Theft backpack With USB charging Port Laptop bag/Office bag/college bag/travel bag with anti -theft back pocket (LEGEND) from Laptop Backpacks at Amazon.in. 30 days free exchange or return,N/A,N/A,Visit the TRUE HUMAN Store
https://www.amazon.in/FUR-JADEN-Leatherette-Polypropylene-DUFF05/dp/B07M9BRCQ5/ref=sr_1_7?crid=2M096C61O4MLT&keywords=bags&qid=1692123614&sprefix=ba%2Caps%2C283&sr=8-7,Fur Jaden Brown Textured Leatherette Stylish & Spacious Weekender Duffle Bag for Travel,899,4.3 out of 5 stars,"6,455",Fur Jaden Brown Textured Leatherette Stylish & Spacious Weekender Duffle Bag for Travel : Amazon.in: Fashion,N/A,Fur Jaden Brown Textured Leatherette Stylish & Spacious Weekender Duffle Bag for Travel,Brand: FUR JADEN
https://www.amazon.in/Backpack-Business-Scratch-resistant-Multiple-Comfortable/dp/B0B6FNPN76/ref=sr_1_8?crid=2M096C61O4MLT&keywords=bags&qid=1692123614&sprefix=ba%2Caps%2C283&sr=8-8,Arctic Hunter Backpack for Men Premium Business Backpack Office Travel Laptop Bag with 15.6 Inch Laptop Pocket Water/Scratch-resistant Multiple Pocket Comfortable and Padded Backpack for Men,"5,699",4.4 out of 5 stars,169,"Buy Arctic Hunter Backpack for Men Premium Business Backpack Office Travel Laptop Bag with 15.6 Inch Laptop Pocket Water/Scratch-resistant Multiple Pocket Comfortable and Padded Backpack for Men, Black from Laptop Backpacks at Amazon.in. 30 days free exchange or return",N/A,N/A,Visit the ah arctic hunter Store
https://www.amazon.in/Gear-Classic-Leather-Backpack-LBPCLSLTH0201/dp/B07G4F6XFH/ref=sr_1_9?crid=2M096C61O4MLT&keywords=bags&qid=1692123614&sprefix=ba%2Caps%2C283&sr=8-9,Gear Classic 20L Small Size Faux Leather Water Resistant Anti Theft Unisex Laptop Backpack- Brown,979,4.4 out of 5 stars,"6,012",Buy Gear Classic 20L Small Size Faux Leather Water Resistant Anti Theft Unisex Laptop Backpack- Brown from Laptop Backpacks at Amazon.in. 30 days free exchange or return,N/A,"Gear bags are designed for the quick commute as well for the long journey. these backpacks can be used as laptop bags,adventure bags and so on. Your favorite travel companion, The backpacks come with enough storage space to carry all your requirements.",Visit the Gear Store
https://www.amazon.in/Lenovo-15-6-Inches-Everyday-Backpack/dp/B08R7RPVJF/ref=sr_1_10?crid=2M096C61O4MLT&keywords=bags&qid=1692123614&sprefix=ba%2Caps%2C283&sr=8-10,"Lenovo 15.6"" (39.62cm) Slim Everyday Backpack, Made in India, Compact, Water-resistant, Organized storage:Laptop sleeve,tablet pocket,front workstation,2-side pockets,Padded adjustable shoulder straps",839,4.3 out of 5 stars,"4,077","Amazon.in: Buy Lenovo 15.6"" (39.62cm) Slim Everyday Backpack, Made in India, Compact, Water-resistant, Organized storage:Laptop sleeve,tablet pocket,front workstation,2-side pockets,Padded adjustable shoulder straps online at low price in India on Amazon.in. Check out Lenovo 15.6"" (39.62cm) Slim Everyday Backpack, Made in India, Compact, Water-resistant, Organized storage:Laptop sleeve,tablet pocket,front workstation,2-side pockets,Padded adjustable shoulder straps reviews, ratings, features, specifications and more at Amazon.in",N/A,N/A,Brand: Lenovo
https://www.amazon.in/American-Tourister-BACKPACK-COMPARTMENT-ORGANIZER/dp/B0BTD4FK9G/ref=sr_1_11?crid=2M096C61O4MLT&keywords=bags&qid=1692123614&sprefix=ba%2Caps%2C283&sr=8-11,"American Tourister VALEX BLUE LAPTOP BACKPACK 28 Ltrs,Volume, LAPTOP COMPARTMENT, BOTTLE POCKET, FRONT ORGANIZER","1,399",4.2 out of 5 stars,629,"Buy American Tourister VALEX BLUE LAPTOP BACKPACK 28 Ltrs,Volume, LAPTOP COMPARTMENT, BOTTLE POCKET, FRONT ORGANIZER from Laptop Backpacks at Amazon.in. 30 days free exchange or return",N/A,"A backpack isn’t just a bag. It’s a cache, a case, a mobile base of sorts. And it is a reflection of the care you’ve put into selecting the ideal loadout of items to keep on you. Introducing Valex, a modern everyday backpacks collections are available in a variety of nice looking colours to express your true self",Brand: American Tourister
https://www.amazon.in/Backpack-Small-Black-Water-Repellant/dp/B088XB5XY8/ref=sr_1_12?crid=2M096C61O4MLT&keywords=bags&qid=1692123614&sprefix=ba%2Caps%2C283&sr=8-12,"Mi Step Out 12 L Mini Backpack (Small Size, Black, Water Repellant)",398,4.1 out of 5 stars,"9,645","Mi Step Out 12 L Mini Backpack (Small Size, Black, Water Repellant) : Amazon.in: Bags, Wallets and Luggage",N/A,N/A,Brand: MI
https://www.amazon.in/Number-Backpack-Compartment-Charging-Organizer/dp/B09VTDMRY7/ref=sr_1_13?crid=2M096C61O4MLT&keywords=bags&qid=1692123614&sprefix=ba%2Caps%2C283&sr=8-13,"FUR JADEN Anti Theft Number Lock Backpack Bag with 15.6 Inch Laptop Compartment, USB Charging Port & Organizer Pocket for Men Women Boys Girls",679,4.0 out of 5 stars,"5,456","Buy FUR JADEN Anti Theft Number Lock Backpack Bag with 15.6 Inch Laptop Compartment, USB Charging Port & Organizer Pocket for Men Women Boys Girls (Black) from Laptop Backpacks at Amazon.in. 30 days free exchange or return",N/A,"Stay organized all day with a durable and lightweight backpack from Fur Jaden. This back pack is a stylish and functional accessory for men and women. Can add admiration to an appealing and daring personality with a remarkable aesthetics and functionality. This backpack features an anti-theft design. You can also charge your phone on the go and organize your stuff like pro. Fur Jaden functional back pack is apt to protect your gadgets and belongings from being stolen while you travel, thanks to its special anti-theft design. Now keep your belongings safe with style. The backpack features multiple compartments that you may use for your laptop and other essentials. A remarkable feature of this backpack allows you to charge your phone while you are on the move. With an attached charging dock in the back you may connect a portable power bank with ease. Weighing about 600grams, this backpack is lightweight. The backpack is able to house a laptop of up to 15.6 inches and has seven inner compartments to place your other essentials. Made from durable quality polymer this Fur Jaden back pack is sturdy and reliable. Flaunt this bag with style and low maintenance as this bag is washable. This backpack is also suitable for school or college. The straps are designed to distribute the weight equally on each shoulder preventing any sort of discomfort. Use this back pack for office, college/school or during travels.",Brand: FUR JADEN
https://www.amazon.in/gp/bestsellers/luggage/2917507031/ref=sr_bs_13_2917507031_1,Sfane Polyester 23cms Duffle/Shoulder/Gym Bag for Men & Women with Separate Shoe Compartment (Grey),387,4.3 out of 5 stars,"7,842",Amazon.in Bestsellers: The most popular items in Sports Duffles,N/A,N/A,N/A
https://www.amazon.in/Gear-Black-Laptop-Backpack-LBPASPIRE0104/dp/B075MK4TXP/ref=sr_1_15?crid=2M096C61O4MLT&keywords=bags&qid=1692123614&sprefix=ba%2Caps%2C283&sr=8-15,Gear Cello 30 Ltrs Black Laptop Backpack (LBPASPIRE0104),"1,115",4.4 out of 5 stars,"6,095",Buy Gear Aspire 30L Water Restant Office Laptop Bag/Backpack for Men/Women/(Black) from Laptop Backpacks at Amazon.in. 30 days free exchange or return,N/A,,Brand: Gear
https://www.amazon.in/ADISA-Laptop-Backpack-Office-College/dp/B09TPX22NF/ref=sr_1_16?crid=2M096C61O4MLT&keywords=bags&qid=1692123614&sprefix=ba%2Caps%2C283&sr=8-16,ADISA 15.6 inch laptop backpack office bag college travel back pack 32 Ltrs,499,3.9 out of 5 stars,"1,119","Amazon.in: Buy ADISA 15.6 inch laptop backpack office bag college travel back pack 32 Ltrs (z-Navy Blue) online at low price in India on Amazon.in. Check out ADISA 15.6 inch laptop backpack office bag college travel back pack 32 Ltrs (z-Navy Blue) reviews, ratings, features, specifications and more at Amazon.in",N/A,N/A,Visit the ADISA Store
https://www.amazon.in/Skybags-Brat-Black-Casual-Backpack/dp/B08Z1HHHTD/ref=sr_1_1?crid=2M096C61O4MLT&keywords=bags&qid=1692123753&sprefix=ba%2Caps%2C283&sr=8-1,Skybags Brat Black 46 Cms Casual Backpack,649,4.1 out of 5 stars,"5,449",Skybags Brat Black 46 Cms Casual Backpack : Amazon.in: Fashion,N/A,"Ideal for a college student who does not carry a lot of books or laptop to college. Very stylish, slim and feature loaded Backpack",Visit the Skybags Store
https://www.amazon.in/American-Tourister-AMT-SCH-02/dp/B07CJCGM1M/ref=sr_1_2?crid=2M096C61O4MLT&keywords=bags&qid=1692123753&sprefix=ba%2Caps%2C283&sr=8-2,American Tourister Fizz Large Size 32 Ltrs Casual Backpack (BLACK),"1,199",4.0 out of 5 stars,"55,105",Buy American Tourister Fizz Large Size 32 Ltrs Casual Backpack (BLACK) from Casual Backpacks at Amazon.in. 30 days free exchange or return,N/A,N/A,Brand: American Tourister
https://www.amazon.in/Half-Moon-Waterproof-Backpack-Students/dp/B085MHDJ93/ref=sr_1_3?crid=2M096C61O4MLT&keywords=bags&qid=1692123753&sprefix=ba%2Caps%2C283&sr=8-3,"Half Moon 35 Ltrs Water Resistant 15.6 inch Laptop Bag for Men/Backpack for Men, Navy Blue | Office Bag for Men/Office Bag for Women with Padded Laptop Compartment | Rain Cover & Reflective Strips",649,3.9 out of 5 stars,"16,870","Buy Half Moon 35 Ltrs Water Resistant 15.6 inch Laptop Bag for Men/Backpack for Men, Navy Blue | Office Bag for Men/Office Bag for Women with Padded Laptop Compartment | Rain Cover & Reflective Strips from Laptop Backpacks at Amazon.in. 30 days free exchange or return",N/A,N/A,Visit the Half Moon Store
https://www.amazon.in/Half-Moon-Backpack-Luggage-Compartment/dp/B09VCLZ3K4/ref=sr_1_4?crid=2M096C61O4MLT&keywords=bags&qid=1692123753&sprefix=ba%2Caps%2C283&sr=8-4,Half Moon Large 37L Laptop Bag Backpack for menं Women Boys and Girls Luggage Travel Bags with 17.3 inches Laptop Compartment & Rain Cover,849,3.9 out of 5 stars,"3,394","Buy Half Moon Large 35 Ltrs Water Resistant 17.3"" Laptop Bag for Men/Backpack for Men, Black | Office Bag for Men/Office Bag for Women with Padded Laptop Compartment | Spacious & Multiple Pockets from Laptop Backpacks at Amazon.in. 30 days free exchange or return",N/A,"This backpack is lightweight water-resistant, capacity of approx 37 Ltr, has a soft and ventilated back panel, and is perfect for carrying all your necessities. Adjustable and breathable padded shoulder strap to meet different requirements for both men and women; made from highly rip and water-resistant polyester fabric, provide strengthen and long-lasting performance; roomy enough for your traveling requirements also having a Rain cover.",Visit the Half Moon Store
https://www.amazon.in/gp/bestsellers/luggage/1984997031/ref=sr_bs_4_1984997031_1,"Fur Jaden 55 LTR Rucksack Travel Backpack Bag for Trekking, Hiking with Shoe Compartment",849,4.3 out of 5 stars,"5,572",Amazon.in Bestsellers: The most popular items in Rucksacks & Trekking Backpacks,N/A,N/A,N/A
https://www.amazon.in/TRUE-HUMAN-Anti-Theft-backpack-charging/dp/B09QJ7ZF2Y/ref=sr_1_6?crid=2M096C61O4MLT&keywords=bags&qid=1692123753&sprefix=ba%2Caps%2C283&sr=8-6,TRUE HUMAN EMPEROR® Anti-Theft backpack With USB charging Port Laptop bag/Office bag/college bag/travel bag with anti -theft back pocket (LEGEND),599,3.7 out of 5 stars,"2,437",Buy TRUE HUMAN EMPEROR® Anti-Theft backpack With USB charging Port Laptop bag/Office bag/college bag/travel bag with anti -theft back pocket (LEGEND) from Laptop Backpacks at Amazon.in. 30 days free exchange or return,N/A,N/A,Visit the TRUE HUMAN Store
https://www.amazon.in/FUR-JADEN-Leatherette-Polypropylene-DUFF05/dp/B07M9BRCQ5/ref=sr_1_7?crid=2M096C61O4MLT&keywords=bags&qid=1692123753&sprefix=ba%2Caps%2C283&sr=8-7,Fur Jaden Brown Textured Leatherette Stylish & Spacious Weekender Duffle Bag for Travel,899,4.3 out of 5 stars,"6,455",Fur Jaden Brown Textured Leatherette Stylish & Spacious Weekender Duffle Bag for Travel : Amazon.in: Fashion,N/A,Fur Jaden Brown Textured Leatherette Stylish & Spacious Weekender Duffle Bag for Travel,Brand: FUR JADEN
https://www.amazon.in/Backpack-Business-Scratch-resistant-Multiple-Comfortable/dp/B0B6FNPN76/ref=sr_1_8?crid=2M096C61O4MLT&keywords=bags&qid=1692123753&sprefix=ba%2Caps%2C283&sr=8-8,Arctic Hunter Backpack for Men Premium Business Backpack Office Travel Laptop Bag with 15.6 Inch Laptop Pocket Water/Scratch-resistant Multiple Pocket Comfortable and Padded Backpack for Men,"5,699",4.4 out of 5 stars,169,"Buy Arctic Hunter Backpack for Men Premium Business Backpack Office Travel Laptop Bag with 15.6 Inch Laptop Pocket Water/Scratch-resistant Multiple Pocket Comfortable and Padded Backpack for Men, Black from Laptop Backpacks at Amazon.in. 30 days free exchange or return",N/A,N/A,Visit the ah arctic hunter Store
https://www.amazon.in/Gear-Classic-Leather-Backpack-LBPCLSLTH0201/dp/B07G4F6XFH/ref=sr_1_9?crid=2M096C61O4MLT&keywords=bags&qid=1692123753&sprefix=ba%2Caps%2C283&sr=8-9,Gear Classic 20L Small Size Faux Leather Water Resistant Anti Theft Unisex Laptop Backpack- Brown,979,4.4 out of 5 stars,"6,012",Buy Gear Classic 20L Small Size Faux Leather Water Resistant Anti Theft Unisex Laptop Backpack- Brown from Laptop Backpacks at Amazon.in. 30 days free exchange or return,N/A,"Gear bags are designed for the quick commute as well for the long journey. these backpacks can be used as laptop bags,adventure bags and so on. Your favorite travel companion, The backpacks come with enough storage space to carry all your requirements.",Visit the Gear Store
https://www.amazon.in/Lenovo-15-6-Inches-Everyday-Backpack/dp/B08R7RPVJF/ref=sr_1_10?crid=2M096C61O4MLT&keywords=bags&qid=1692123753&sprefix=ba%2Caps%2C283&sr=8-10,"Lenovo 15.6"" (39.62cm) Slim Everyday Backpack, Made in India, Compact, Water-resistant, Organized storage:Laptop sleeve,tablet pocket,front workstation,2-side pockets,Padded adjustable shoulder straps",839,4.3 out of 5 stars,"4,077","Amazon.in: Buy Lenovo 15.6"" (39.62cm) Slim Everyday Backpack, Made in India, Compact, Water-resistant, Organized storage:Laptop sleeve,tablet pocket,front workstation,2-side pockets,Padded adjustable shoulder straps online at low price in India on Amazon.in. Check out Lenovo 15.6"" (39.62cm) Slim Everyday Backpack, Made in India, Compact, Water-resistant, Organized storage:Laptop sleeve,tablet pocket,front workstation,2-side pockets,Padded adjustable shoulder straps reviews, ratings, features, specifications and more at Amazon.in",N/A,N/A,Brand: Lenovo
https://www.amazon.in/American-Tourister-BACKPACK-COMPARTMENT-ORGANIZER/dp/B0BTD4FK9G/ref=sr_1_11?crid=2M096C61O4MLT&keywords=bags&qid=1692123753&sprefix=ba%2Caps%2C283&sr=8-11,"American Tourister VALEX BLUE LAPTOP BACKPACK 28 Ltrs,Volume, LAPTOP COMPARTMENT, BOTTLE POCKET, FRONT ORGANIZER","1,399",4.2 out of 5 stars,629,"Buy American Tourister VALEX BLUE LAPTOP BACKPACK 28 Ltrs,Volume, LAPTOP COMPARTMENT, BOTTLE POCKET, FRONT ORGANIZER from Laptop Backpacks at Amazon.in. 30 days free exchange or return",N/A,"A backpack isn’t just a bag. It’s a cache, a case, a mobile base of sorts. And it is a reflection of the care you’ve put into selecting the ideal loadout of items to keep on you. Introducing Valex, a modern everyday backpacks collections are available in a variety of nice looking colours to express your true self",Brand: American Tourister
https://www.amazon.in/Backpack-Small-Black-Water-Repellant/dp/B088XB5XY8/ref=sr_1_12?crid=2M096C61O4MLT&keywords=bags&qid=1692123753&sprefix=ba%2Caps%2C283&sr=8-12,"Mi Step Out 12 L Mini Backpack (Small Size, Black, Water Repellant)",398,4.1 out of 5 stars,"9,645","Mi Step Out 12 L Mini Backpack (Small Size, Black, Water Repellant) : Amazon.in: Bags, Wallets and Luggage",N/A,N/A,Brand: MI
https://www.amazon.in/Number-Backpack-Compartment-Charging-Organizer/dp/B09VTDMRY7/ref=sr_1_13?crid=2M096C61O4MLT&keywords=bags&qid=1692123753&sprefix=ba%2Caps%2C283&sr=8-13,"FUR JADEN Anti Theft Number Lock Backpack Bag with 15.6 Inch Laptop Compartment, USB Charging Port & Organizer Pocket for Men Women Boys Girls",679,4.0 out of 5 stars,"5,456","Buy FUR JADEN Anti Theft Number Lock Backpack Bag with 15.6 Inch Laptop Compartment, USB Charging Port & Organizer Pocket for Men Women Boys Girls (Black) from Laptop Backpacks at Amazon.in. 30 days free exchange or return",N/A,"Stay organized all day with a durable and lightweight backpack from Fur Jaden. This back pack is a stylish and functional accessory for men and women. Can add admiration to an appealing and daring personality with a remarkable aesthetics and functionality. This backpack features an anti-theft design. You can also charge your phone on the go and organize your stuff like pro. Fur Jaden functional back pack is apt to protect your gadgets and belongings from being stolen while you travel, thanks to its special anti-theft design. Now keep your belongings safe with style. The backpack features multiple compartments that you may use for your laptop and other essentials. A remarkable feature of this backpack allows you to charge your phone while you are on the move. With an attached charging dock in the back you may connect a portable power bank with ease. Weighing about 600grams, this backpack is lightweight. The backpack is able to house a laptop of up to 15.6 inches and has seven inner compartments to place your other essentials. Made from durable quality polymer this Fur Jaden back pack is sturdy and reliable. Flaunt this bag with style and low maintenance as this bag is washable. This backpack is also suitable for school or college. The straps are designed to distribute the weight equally on each shoulder preventing any sort of discomfort. Use this back pack for office, college/school or during travels.",Brand: FUR JADEN
https://www.amazon.in/gp/bestsellers/luggage/2917507031/ref=sr_bs_13_2917507031_1,Sfane Polyester 23cms Duffle/Shoulder/Gym Bag for Men & Women with Separate Shoe Compartment (Grey),387,4.3 out of 5 stars,"7,842",Amazon.in Bestsellers: The most popular items in Sports Duffles,N/A,N/A,N/A
https://www.amazon.in/Gear-Black-Laptop-Backpack-LBPASPIRE0104/dp/B075MK4TXP/ref=sr_1_15?crid=2M096C61O4MLT&keywords=bags&qid=1692123753&sprefix=ba%2Caps%2C283&sr=8-15,Gear Cello 30 Ltrs Black Laptop Backpack (LBPASPIRE0104),"1,115",4.4 out of 5 stars,"6,095",Buy Gear Aspire 30L Water Restant Office Laptop Bag/Backpack for Men/Women/(Black) from Laptop Backpacks at Amazon.in. 30 days free exchange or return,N/A,,Brand: Gear
https://www.amazon.in/ADISA-Laptop-Backpack-Office-College/dp/B09TPX22NF/ref=sr_1_16?crid=2M096C61O4MLT&keywords=bags&qid=1692123753&sprefix=ba%2Caps%2C283&sr=8-16,ADISA 15.6 inch laptop backpack office bag college travel back pack 32 Ltrs,499,3.9 out of 5 stars,"1,119","Amazon.in: Buy ADISA 15.6 inch laptop backpack office bag college travel back pack 32 Ltrs (z-Navy Blue) online at low price in India on Amazon.in. Check out ADISA 15.6 inch laptop backpack office bag college travel back pack 32 Ltrs (z-Navy Blue) reviews, ratings, features, specifications and more at Amazon.in",N/A,N/A,Visit the ADISA Store
https://www.amazon.in/Skybags-Brat-Black-Casual-Backpack/dp/B08Z1HHHTD/ref=sr_1_1?crid=2M096C61O4MLT&keywords=bags&qid=1692123884&sprefix=ba%2Caps%2C283&sr=8-1,Skybags Brat Black 46 Cms Casual Backpack,649,4.1 out of 5 stars,"5,449",Skybags Brat Black 46 Cms Casual Backpack : Amazon.in: Fashion,N/A,"Ideal for a college student who does not carry a lot of books or laptop to college. Very stylish, slim and feature loaded Backpack",Visit the Skybags Store
https://www.amazon.in/American-Tourister-AMT-SCH-02/dp/B07CJCGM1M/ref=sr_1_2?crid=2M096C61O4MLT&keywords=bags&qid=1692123884&sprefix=ba%2Caps%2C283&sr=8-2,American Tourister Fizz Large Size 32 Ltrs Casual Backpack (BLACK),"1,199",4.0 out of 5 stars,"55,105",Buy American Tourister Fizz Large Size 32 Ltrs Casual Backpack (BLACK) from Casual Backpacks at Amazon.in. 30 days free exchange or return,N/A,N/A,Brand: American Tourister
https://www.amazon.in/Half-Moon-Waterproof-Backpack-Students/dp/B085MHDJ93/ref=sr_1_3?crid=2M096C61O4MLT&keywords=bags&qid=1692123884&sprefix=ba%2Caps%2C283&sr=8-3,"Half Moon 35 Ltrs Water Resistant 15.6 inch Laptop Bag for Men/Backpack for Men, Navy Blue | Office Bag for Men/Office Bag for Women with Padded Laptop Compartment | Rain Cover & Reflective Strips",649,3.9 out of 5 stars,"16,870","Buy Half Moon 35 Ltrs Water Resistant 15.6 inch Laptop Bag for Men/Backpack for Men, Navy Blue | Office Bag for Men/Office Bag for Women with Padded Laptop Compartment | Rain Cover & Reflective Strips from Laptop Backpacks at Amazon.in. 30 days free exchange or return",N/A,N/A,Visit the Half Moon Store
https://www.amazon.in/Half-Moon-Backpack-Luggage-Compartment/dp/B09VCLZ3K4/ref=sr_1_4?crid=2M096C61O4MLT&keywords=bags&qid=1692123884&sprefix=ba%2Caps%2C283&sr=8-4,Half Moon Large 37L Laptop Bag Backpack for menं Women Boys and Girls Luggage Travel Bags with 17.3 inches Laptop Compartment & Rain Cover,849,3.9 out of 5 stars,"3,394","Buy Half Moon Large 35 Ltrs Water Resistant 17.3"" Laptop Bag for Men/Backpack for Men, Black | Office Bag for Men/Office Bag for Women with Padded Laptop Compartment | Spacious & Multiple Pockets from Laptop Backpacks at Amazon.in. 30 days free exchange or return",N/A,"This backpack is lightweight water-resistant, capacity of approx 37 Ltr, has a soft and ventilated back panel, and is perfect for carrying all your necessities. Adjustable and breathable padded shoulder strap to meet different requirements for both men and women; made from highly rip and water-resistant polyester fabric, provide strengthen and long-lasting performance; roomy enough for your traveling requirements also having a Rain cover.",Visit the Half Moon Store
https://www.amazon.in/gp/bestsellers/luggage/1984997031/ref=sr_bs_4_1984997031_1,"Fur Jaden 55 LTR Rucksack Travel Backpack Bag for Trekking, Hiking with Shoe Compartment",849,4.3 out of 5 stars,"5,572",Amazon.in Bestsellers: The most popular items in Rucksacks & Trekking Backpacks,N/A,N/A,N/A
https://www.amazon.in/TRUE-HUMAN-Anti-Theft-backpack-charging/dp/B09QJ7ZF2Y/ref=sr_1_6?crid=2M096C61O4MLT&keywords=bags&qid=1692123884&sprefix=ba%2Caps%2C283&sr=8-6,TRUE HUMAN EMPEROR® Anti-Theft backpack With USB charging Port Laptop bag/Office bag/college bag/travel bag with anti -theft back pocket (LEGEND),599,3.7 out of 5 stars,"2,437",Buy TRUE HUMAN EMPEROR® Anti-Theft backpack With USB charging Port Laptop bag/Office bag/college bag/travel bag with anti -theft back pocket (LEGEND) from Laptop Backpacks at Amazon.in. 30 days free exchange or return,N/A,N/A,Visit the TRUE HUMAN Store
https://www.amazon.in/FUR-JADEN-Leatherette-Polypropylene-DUFF05/dp/B07M9BRCQ5/ref=sr_1_7?crid=2M096C61O4MLT&keywords=bags&qid=1692123884&sprefix=ba%2Caps%2C283&sr=8-7,Fur Jaden Brown Textured Leatherette Stylish & Spacious Weekender Duffle Bag for Travel,899,4.3 out of 5 stars,"6,455",Fur Jaden Brown Textured Leatherette Stylish & Spacious Weekender Duffle Bag for Travel : Amazon.in: Fashion,N/A,Fur Jaden Brown Textured Leatherette Stylish & Spacious Weekender Duffle Bag for Travel,Brand: FUR JADEN
https://www.amazon.in/Backpack-Business-Scratch-resistant-Multiple-Comfortable/dp/B0B6FNPN76/ref=sr_1_8?crid=2M096C61O4MLT&keywords=bags&qid=1692123884&sprefix=ba%2Caps%2C283&sr=8-8,Arctic Hunter Backpack for Men Premium Business Backpack Office Travel Laptop Bag with 15.6 Inch Laptop Pocket Water/Scratch-resistant Multiple Pocket Comfortable and Padded Backpack for Men,"5,699",4.4 out of 5 stars,169,"Buy Arctic Hunter Backpack for Men Premium Business Backpack Office Travel Laptop Bag with 15.6 Inch Laptop Pocket Water/Scratch-resistant Multiple Pocket Comfortable and Padded Backpack for Men, Black from Laptop Backpacks at Amazon.in. 30 days free exchange or return",N/A,N/A,Visit the ah arctic hunter Store
https://www.amazon.in/Gear-Classic-Leather-Backpack-LBPCLSLTH0201/dp/B07G4F6XFH/ref=sr_1_9?crid=2M096C61O4MLT&keywords=bags&qid=1692123884&sprefix=ba%2Caps%2C283&sr=8-9,Gear Classic 20L Small Size Faux Leather Water Resistant Anti Theft Unisex Laptop Backpack- Brown,979,4.4 out of 5 stars,"6,012",Buy Gear Classic 20L Small Size Faux Leather Water Resistant Anti Theft Unisex Laptop Backpack- Brown from Laptop Backpacks at Amazon.in. 30 days free exchange or return,N/A,"Gear bags are designed for the quick commute as well for the long journey. these backpacks can be used as laptop bags,adventure bags and so on. Your favorite travel companion, The backpacks come with enough storage space to carry all your requirements.",Visit the Gear Store
https://www.amazon.in/Lenovo-15-6-Inches-Everyday-Backpack/dp/B08R7RPVJF/ref=sr_1_10?crid=2M096C61O4MLT&keywords=bags&qid=1692123884&sprefix=ba%2Caps%2C283&sr=8-10,"Lenovo 15.6"" (39.62cm) Slim Everyday Backpack, Made in India, Compact, Water-resistant, Organized storage:Laptop sleeve,tablet pocket,front workstation,2-side pockets,Padded adjustable shoulder straps",839,4.3 out of 5 stars,"4,077","Amazon.in: Buy Lenovo 15.6"" (39.62cm) Slim Everyday Backpack, Made in India, Compact, Water-resistant, Organized storage:Laptop sleeve,tablet pocket,front workstation,2-side pockets,Padded adjustable shoulder straps online at low price in India on Amazon.in. Check out Lenovo 15.6"" (39.62cm) Slim Everyday Backpack, Made in India, Compact, Water-resistant, Organized storage:Laptop sleeve,tablet pocket,front workstation,2-side pockets,Padded adjustable shoulder straps reviews, ratings, features, specifications and more at Amazon.in",N/A,N/A,Brand: Lenovo
https://www.amazon.in/American-Tourister-BACKPACK-COMPARTMENT-ORGANIZER/dp/B0BTD4FK9G/ref=sr_1_11?crid=2M096C61O4MLT&keywords=bags&qid=1692123884&sprefix=ba%2Caps%2C283&sr=8-11,"American Tourister VALEX BLUE LAPTOP BACKPACK 28 Ltrs,Volume, LAPTOP COMPARTMENT, BOTTLE POCKET, FRONT ORGANIZER","1,399",4.2 out of 5 stars,629,"Buy American Tourister VALEX BLUE LAPTOP BACKPACK 28 Ltrs,Volume, LAPTOP COMPARTMENT, BOTTLE POCKET, FRONT ORGANIZER from Laptop Backpacks at Amazon.in. 30 days free exchange or return",N/A,"A backpack isn’t just a bag. It’s a cache, a case, a mobile base of sorts. And it is a reflection of the care you’ve put into selecting the ideal loadout of items to keep on you. Introducing Valex, a modern everyday backpacks collections are available in a variety of nice looking colours to express your true self",Brand: American Tourister
https://www.amazon.in/Backpack-Small-Black-Water-Repellant/dp/B088XB5XY8/ref=sr_1_12?crid=2M096C61O4MLT&keywords=bags&qid=1692123884&sprefix=ba%2Caps%2C283&sr=8-12,"Mi Step Out 12 L Mini Backpack (Small Size, Black, Water Repellant)",398,4.1 out of 5 stars,"9,645","Mi Step Out 12 L Mini Backpack (Small Size, Black, Water Repellant) : Amazon.in: Bags, Wallets and Luggage",N/A,N/A,Brand: MI
https://www.amazon.in/Number-Backpack-Compartment-Charging-Organizer/dp/B09VTDMRY7/ref=sr_1_13?crid=2M096C61O4MLT&keywords=bags&qid=1692123884&sprefix=ba%2Caps%2C283&sr=8-13,"FUR JADEN Anti Theft Number Lock Backpack Bag with 15.6 Inch Laptop Compartment, USB Charging Port & Organizer Pocket for Men Women Boys Girls",679,4.0 out of 5 stars,"5,456","Buy FUR JADEN Anti Theft Number Lock Backpack Bag with 15.6 Inch Laptop Compartment, USB Charging Port & Organizer Pocket for Men Women Boys Girls (Black) from Laptop Backpacks at Amazon.in. 30 days free exchange or return",N/A,"Stay organized all day with a durable and lightweight backpack from Fur Jaden. This back pack is a stylish and functional accessory for men and women. Can add admiration to an appealing and daring personality with a remarkable aesthetics and functionality. This backpack features an anti-theft design. You can also charge your phone on the go and organize your stuff like pro. Fur Jaden functional back pack is apt to protect your gadgets and belongings from being stolen while you travel, thanks to its special anti-theft design. Now keep your belongings safe with style. The backpack features multiple compartments that you may use for your laptop and other essentials. A remarkable feature of this backpack allows you to charge your phone while you are on the move. With an attached charging dock in the back you may connect a portable power bank with ease. Weighing about 600grams, this backpack is lightweight. The backpack is able to house a laptop of up to 15.6 inches and has seven inner compartments to place your other essentials. Made from durable quality polymer this Fur Jaden back pack is sturdy and reliable. Flaunt this bag with style and low maintenance as this bag is washable. This backpack is also suitable for school or college. The straps are designed to distribute the weight equally on each shoulder preventing any sort of discomfort. Use this back pack for office, college/school or during travels.",Brand: FUR JADEN
https://www.amazon.in/gp/bestsellers/luggage/2917507031/ref=sr_bs_13_2917507031_1,Sfane Polyester 23cms Duffle/Shoulder/Gym Bag for Men & Women with Separate Shoe Compartment (Grey),387,4.3 out of 5 stars,"7,842",Amazon.in Bestsellers: The most popular items in Sports Duffles,N/A,N/A,N/A
https://www.amazon.in/Gear-Black-Laptop-Backpack-LBPASPIRE0104/dp/B075MK4TXP/ref=sr_1_15?crid=2M096C61O4MLT&keywords=bags&qid=1692123884&sprefix=ba%2Caps%2C283&sr=8-15,Gear Cello 30 Ltrs Black Laptop Backpack (LBPASPIRE0104),"1,115",4.4 out of 5 stars,"6,095",Buy Gear Aspire 30L Water Restant Office Laptop Bag/Backpack for Men/Women/(Black) from Laptop Backpacks at Amazon.in. 30 days free exchange or return,N/A,,Brand: Gear
https://www.amazon.in/ADISA-Laptop-Backpack-Office-College/dp/B09TPX22NF/ref=sr_1_16?crid=2M096C61O4MLT&keywords=bags&qid=1692123884&sprefix=ba%2Caps%2C283&sr=8-16,ADISA 15.6 inch laptop backpack office bag college travel back pack 32 Ltrs,499,3.9 out of 5 stars,"1,119","Amazon.in: Buy ADISA 15.6 inch laptop backpack office bag college travel back pack 32 Ltrs (z-Navy Blue) online at low price in India on Amazon.in. Check out ADISA 15.6 inch laptop backpack office bag college travel back pack 32 Ltrs (z-Navy Blue) reviews, ratings, features, specifications and more at Amazon.in",N/A,N/A,Visit the ADISA Store
https://www.amazon.in/sspa/click?ie=UTF8&spc=MTozNDIzMjUwOTA4MTYxOTQxOjE2OTIxMjQwMTU6c3BfYXRmOjIwMDYzNzg0NDU4Mzk4OjowOjo&url=%2Fuppercase-Backpack-2300EBP1-repellent-sustainable%2Fdp%2FB0B69M182Q%2Fref%3Dsr_1_1_sspa%3Fcrid%3D2M096C61O4MLT%26keywords%3Dbags%26qid%3D1692124014%26sprefix%3Dba%252Caps%252C283%26sr%3D8-1-spons%26sp_csd%3Dd2lkZ2V0TmFtZT1zcF9hdGY%26psc%3D1,"uppercase Medium 17 Ltrs Vegan Leather (upto 14 inch) Laptop Backpack 2300EBP1 3x more water resistant sustainable bags with rain proof zippers for Men, Women, Boys and Girls, 750 Days warranty","1,600",4.0 out of 5 stars,534,"Buy uppercase Medium 17 Ltrs Vegan Leather (14.6 inch) Laptop Backpack 2300EBP1 3x more water resistant sustainable bags with rain proof zippers for Men, Women, Boys and Girls, 750 Days warranty (Green) from Laptop Backpacks at Amazon.in. 30 days free exchange or return",N/A,,Visit the uppercase Store
https://www.amazon.in/sspa/click?ie=UTF8&spc=MTozNDIzMjUwOTA4MTYxOTQxOjE2OTIxMjQwMTU6c3BfYXRmOjMwMDAwNTkxNzkwODkzMjo6MDo6&url=%2Fuppercase-Backpack-1800EBP2-resistant-sustainable%2Fdp%2FB0BQYJ8WP5%2Fref%3Dsr_1_2_sspa%3Fcrid%3D2M096C61O4MLT%26keywords%3Dbags%26qid%3D1692124014%26sprefix%3Dba%252Caps%252C283%26sr%3D8-2-spons%26sp_csd%3Dd2lkZ2V0TmFtZT1zcF9hdGY%26psc%3D1,"uppercase Laptop Backpack Printed Compact 3x more water repellent sustainable bags with rain proof zippers for Men, Women, Boys & Girls, 750 Days warranty (Blue)","1,350",4.1 out of 5 stars,101,"Buy uppercase 25 Ltrs Large (15.6 inch) Laptop Backpack 1800EBP2 Printed Compact 3x more water resistant sustainable bags with rain proof zippers for Men, Women, Boys & Girls, 750 Days warranty (Blue) from Laptop Backpacks at Amazon.in. 30 days free exchange or return",N/A,,Visit the uppercase Store
https://www.amazon.in/Skybags-Brat-Black-Casual-Backpack/dp/B08Z1HHHTD/ref=sr_1_3?crid=2M096C61O4MLT&keywords=bags&qid=1692124014&sprefix=ba%2Caps%2C283&sr=8-3,Skybags Brat Black 46 Cms Casual Backpack,649,4.1 out of 5 stars,"5,449",Skybags Brat Black 46 Cms Casual Backpack : Amazon.in: Fashion,N/A,"Ideal for a college student who does not carry a lot of books or laptop to college. Very stylish, slim and feature loaded Backpack",Visit the Skybags Store
https://www.amazon.in/American-Tourister-AMT-SCH-02/dp/B07CJCGM1M/ref=sr_1_4?crid=2M096C61O4MLT&keywords=bags&qid=1692124014&sprefix=ba%2Caps%2C283&sr=8-4,American Tourister Fizz Large Size 32 Ltrs Casual Backpack (BLACK),"1,199",4.0 out of 5 stars,"55,105",Buy American Tourister Fizz Large Size 32 Ltrs Casual Backpack (BLACK) from Casual Backpacks at Amazon.in. 30 days free exchange or return,N/A,N/A,Brand: American Tourister
https://www.amazon.in/Half-Moon-Waterproof-Backpack-Students/dp/B085MHDJ93/ref=sr_1_5?crid=2M096C61O4MLT&keywords=bags&qid=1692124014&sprefix=ba%2Caps%2C283&sr=8-5,"Half Moon 35 Ltrs Water Resistant 15.6 inch Laptop Bag for Men/Backpack for Men, Navy Blue | Office Bag for Men/Office Bag for Women with Padded Laptop Compartment | Rain Cover & Reflective Strips",649,3.9 out of 5 stars,"16,870","Buy Half Moon 35 Ltrs Water Resistant 15.6 inch Laptop Bag for Men/Backpack for Men, Navy Blue | Office Bag for Men/Office Bag for Women with Padded Laptop Compartment | Rain Cover & Reflective Strips from Laptop Backpacks at Amazon.in. 30 days free exchange or return",N/A,N/A,Visit the Half Moon Store
https://www.amazon.in/Half-Moon-Backpack-Luggage-Compartment/dp/B09VCLZ3K4/ref=sr_1_6?crid=2M096C61O4MLT&keywords=bags&qid=1692124014&sprefix=ba%2Caps%2C283&sr=8-6,Half Moon Large 37L Laptop Bag Backpack for menं Women Boys and Girls Luggage Travel Bags with 17.3 inches Laptop Compartment & Rain Cover,849,3.9 out of 5 stars,"3,394","Buy Half Moon Large 35 Ltrs Water Resistant 17.3"" Laptop Bag for Men/Backpack for Men, Black | Office Bag for Men/Office Bag for Women with Padded Laptop Compartment | Spacious & Multiple Pockets from Laptop Backpacks at Amazon.in. 30 days free exchange or return",N/A,"This backpack is lightweight water-resistant, capacity of approx 37 Ltr, has a soft and ventilated back panel, and is perfect for carrying all your necessities. Adjustable and breathable padded shoulder strap to meet different requirements for both men and women; made from highly rip and water-resistant polyester fabric, provide strengthen and long-lasting performance; roomy enough for your traveling requirements also having a Rain cover.",Visit the Half Moon Store
https://www.amazon.in/gp/bestsellers/luggage/1984997031/ref=sr_bs_6_1984997031_1,"Fur Jaden 55 LTR Rucksack Travel Backpack Bag for Trekking, Hiking with Shoe Compartment",849,4.3 out of 5 stars,"5,572",Amazon.in Bestsellers: The most popular items in Rucksacks & Trekking Backpacks,N/A,N/A,N/A
https://www.amazon.in/TRUE-HUMAN-Anti-Theft-backpack-charging/dp/B09QJ7ZF2Y/ref=sr_1_8?crid=2M096C61O4MLT&keywords=bags&qid=1692124014&sprefix=ba%2Caps%2C283&sr=8-8,TRUE HUMAN EMPEROR® Anti-Theft backpack With USB charging Port Laptop bag/Office bag/college bag/travel bag with anti -theft back pocket (LEGEND),599,3.7 out of 5 stars,"2,437",Buy TRUE HUMAN EMPEROR® Anti-Theft backpack With USB charging Port Laptop bag/Office bag/college bag/travel bag with anti -theft back pocket (LEGEND) from Laptop Backpacks at Amazon.in. 30 days free exchange or return,N/A,N/A,Visit the TRUE HUMAN Store
https://www.amazon.in/FUR-JADEN-Leatherette-Polypropylene-DUFF05/dp/B07M9BRCQ5/ref=sr_1_9?crid=2M096C61O4MLT&keywords=bags&qid=1692124014&sprefix=ba%2Caps%2C283&sr=8-9,Fur Jaden Brown Textured Leatherette Stylish & Spacious Weekender Duffle Bag for Travel,899,4.3 out of 5 stars,"6,455",Fur Jaden Brown Textured Leatherette Stylish & Spacious Weekender Duffle Bag for Travel : Amazon.in: Fashion,N/A,Fur Jaden Brown Textured Leatherette Stylish & Spacious Weekender Duffle Bag for Travel,Brand: FUR JADEN
https://www.amazon.in/Backpack-Business-Scratch-resistant-Multiple-Comfortable/dp/B0B6FNPN76/ref=sr_1_10?crid=2M096C61O4MLT&keywords=bags&qid=1692124014&sprefix=ba%2Caps%2C283&sr=8-10,Arctic Hunter Backpack for Men Premium Business Backpack Office Travel Laptop Bag with 15.6 Inch Laptop Pocket Water/Scratch-resistant Multiple Pocket Comfortable and Padded Backpack for Men,"5,699",4.4 out of 5 stars,169,"Buy Arctic Hunter Backpack for Men Premium Business Backpack Office Travel Laptop Bag with 15.6 Inch Laptop Pocket Water/Scratch-resistant Multiple Pocket Comfortable and Padded Backpack for Men, Black from Laptop Backpacks at Amazon.in. 30 days free exchange or return",N/A,N/A,Visit the ah arctic hunter Store
https://www.amazon.in/sspa/click?ie=UTF8&spc=MTozNDIzMjUwOTA4MTYxOTQxOjE2OTIxMjQwMTU6c3BfbXRmOjMwMDAxMjMzOTQzMjgzMjo6MDo6&url=%2FHOEXL-Expandable-Laptop-Backpack-Water-resistant%2Fdp%2FB0C3J2RLHP%2Fref%3Dsr_1_11_sspa%3Fcrid%3D2M096C61O4MLT%26keywords%3Dbags%26qid%3D1692124014%26sprefix%3Dba%252Caps%252C283%26sr%3D8-11-spons%26sp_csd%3Dd2lkZ2V0TmFtZT1zcF9tdGY%26psc%3D1,"HOEXL 42L Expandable Laptop Backpack - Premium Laptop Backpacks for Men, Women for Travel, School, College - Tech Bag with USB - Bagpacker Bag for Men, 17 inch Laptop Bags for Multipurpose with Water-resistant, Smart Bag with Multiple Compartments","2,699",5.0 out of 5 stars,25,"Buy HOEXL 42L Expandable Laptop Backpack - Premium Laptop Backpacks for Men, Women for Travel, School, College - Tech Bag with USB - Bagpacker Bag for Men, 17 inch Laptop Bags for Multipurpose with Water-resistant, Smart Bag with Multiple Compartments from Laptop Backpacks at Amazon.in. 30 days free exchange or return",N/A,N/A,Brand: HOEXL
https://www.amazon.in/sspa/click?ie=UTF8&spc=MTozNDIzMjUwOTA4MTYxOTQxOjE2OTIxMjQwMTU6c3BfbXRmOjIwMDQ5MDk5ODk1NDA4OjowOjo&url=%2FLunars-Comet-4-Resistant-Casual-Backpack%2Fdp%2FB083FZD92D%2Fref%3Dsr_1_12_sspa%3Fcrid%3D2M096C61O4MLT%26keywords%3Dbags%26qid%3D1692124014%26sprefix%3Dba%252Caps%252C283%26sr%3D8-12-spons%26sp_csd%3Dd2lkZ2V0TmFtZT1zcF9tdGY%26psc%3D1,Lunar's Comet 35L Water Resistant Travel Bagpack/College Backpack/School Bag/Office Bag/Business Backpack/Daypack for Men and Women with 1 Year Warranty,778,4.0 out of 5 stars,"13,617","Buy Lunar's Comet Laptop Bag for Men, Nblue-Whitezip | 35L Water Resistant School Bags for Boys | Fits Upto 15.6"" Laptop|Stylish & Durable | College Bags for Men/College Bag for Girls | 1 Yr Warranty from Laptop Backpacks at Amazon.in. 30 days free exchange or return",N/A,N/A,Visit the Lunar's Store
https://www.amazon.in/Gear-Classic-Leather-Backpack-LBPCLSLTH0201/dp/B07G4F6XFH/ref=sr_1_13?crid=2M096C61O4MLT&keywords=bags&qid=1692124014&sprefix=ba%2Caps%2C283&sr=8-13,Gear Classic 20L Small Size Faux Leather Water Resistant Anti Theft Unisex Laptop Backpack- Brown,979,4.4 out of 5 stars,"6,012",Buy Gear Classic 20L Small Size Faux Leather Water Resistant Anti Theft Unisex Laptop Backpack- Brown from Laptop Backpacks at Amazon.in. 30 days free exchange or return,N/A,"Gear bags are designed for the quick commute as well for the long journey. these backpacks can be used as laptop bags,adventure bags and so on. Your favorite travel companion, The backpacks come with enough storage space to carry all your requirements.",Visit the Gear Store
https://www.amazon.in/Lenovo-15-6-Inches-Everyday-Backpack/dp/B08R7RPVJF/ref=sr_1_14?crid=2M096C61O4MLT&keywords=bags&qid=1692124014&sprefix=ba%2Caps%2C283&sr=8-14,"Lenovo 15.6"" (39.62cm) Slim Everyday Backpack, Made in India, Compact, Water-resistant, Organized storage:Laptop sleeve,tablet pocket,front workstation,2-side pockets,Padded adjustable shoulder straps",839,4.3 out of 5 stars,"4,077","Amazon.in: Buy Lenovo 15.6"" (39.62cm) Slim Everyday Backpack, Made in India, Compact, Water-resistant, Organized storage:Laptop sleeve,tablet pocket,front workstation,2-side pockets,Padded adjustable shoulder straps online at low price in India on Amazon.in. Check out Lenovo 15.6"" (39.62cm) Slim Everyday Backpack, Made in India, Compact, Water-resistant, Organized storage:Laptop sleeve,tablet pocket,front workstation,2-side pockets,Padded adjustable shoulder straps reviews, ratings, features, specifications and more at Amazon.in",N/A,N/A,Brand: Lenovo
https://www.amazon.in/American-Tourister-BACKPACK-COMPARTMENT-ORGANIZER/dp/B0BTD4FK9G/ref=sr_1_15?crid=2M096C61O4MLT&keywords=bags&qid=1692124014&sprefix=ba%2Caps%2C283&sr=8-15,"American Tourister VALEX BLUE LAPTOP BACKPACK 28 Ltrs,Volume, LAPTOP COMPARTMENT, BOTTLE POCKET, FRONT ORGANIZER","1,399",4.2 out of 5 stars,629,"Buy American Tourister VALEX BLUE LAPTOP BACKPACK 28 Ltrs,Volume, LAPTOP COMPARTMENT, BOTTLE POCKET, FRONT ORGANIZER from Laptop Backpacks at Amazon.in. 30 days free exchange or return",N/A,"A backpack isn’t just a bag. It’s a cache, a case, a mobile base of sorts. And it is a reflection of the care you’ve put into selecting the ideal loadout of items to keep on you. Introducing Valex, a modern everyday backpacks collections are available in a variety of nice looking colours to express your true self",Brand: American Tourister
https://www.amazon.in/Backpack-Small-Black-Water-Repellant/dp/B088XB5XY8/ref=sr_1_16?crid=2M096C61O4MLT&keywords=bags&qid=1692124014&sprefix=ba%2Caps%2C283&sr=8-16,"Mi Step Out 12 L Mini Backpack (Small Size, Black, Water Repellant)",398,4.1 out of 5 stars,"9,645","Mi Step Out 12 L Mini Backpack (Small Size, Black, Water Repellant) : Amazon.in: Bags, Wallets and Luggage",N/A,N/A,Brand: MI
https://www.amazon.in/Number-Backpack-Compartment-Charging-Organizer/dp/B09VTDMRY7/ref=sr_1_17?crid=2M096C61O4MLT&keywords=bags&qid=1692124014&sprefix=ba%2Caps%2C283&sr=8-17,"FUR JADEN Anti Theft Number Lock Backpack Bag with 15.6 Inch Laptop Compartment, USB Charging Port & Organizer Pocket for Men Women Boys Girls",679,4.0 out of 5 stars,"5,456","Buy FUR JADEN Anti Theft Number Lock Backpack Bag with 15.6 Inch Laptop Compartment, USB Charging Port & Organizer Pocket for Men Women Boys Girls (Black) from Laptop Backpacks at Amazon.in. 30 days free exchange or return",N/A,"Stay organized all day with a durable and lightweight backpack from Fur Jaden. This back pack is a stylish and functional accessory for men and women. Can add admiration to an appealing and daring personality with a remarkable aesthetics and functionality. This backpack features an anti-theft design. You can also charge your phone on the go and organize your stuff like pro. Fur Jaden functional back pack is apt to protect your gadgets and belongings from being stolen while you travel, thanks to its special anti-theft design. Now keep your belongings safe with style. The backpack features multiple compartments that you may use for your laptop and other essentials. A remarkable feature of this backpack allows you to charge your phone while you are on the move. With an attached charging dock in the back you may connect a portable power bank with ease. Weighing about 600grams, this backpack is lightweight. The backpack is able to house a laptop of up to 15.6 inches and has seven inner compartments to place your other essentials. Made from durable quality polymer this Fur Jaden back pack is sturdy and reliable. Flaunt this bag with style and low maintenance as this bag is washable. This backpack is also suitable for school or college. The straps are designed to distribute the weight equally on each shoulder preventing any sort of discomfort. Use this back pack for office, college/school or during travels.",Brand: FUR JADEN
https://www.amazon.in/gp/bestsellers/luggage/2917507031/ref=sr_bs_17_2917507031_1,Sfane Polyester 23cms Duffle/Shoulder/Gym Bag for Men & Women with Separate Shoe Compartment (Grey),387,4.3 out of 5 stars,"7,842",Amazon.in Bestsellers: The most popular items in Sports Duffles,N/A,N/A,N/A
https://www.amazon.in/Gear-Black-Laptop-Backpack-LBPASPIRE0104/dp/B075MK4TXP/ref=sr_1_19?crid=2M096C61O4MLT&keywords=bags&qid=1692124014&sprefix=ba%2Caps%2C283&sr=8-19,Gear Cello 30 Ltrs Black Laptop Backpack (LBPASPIRE0104),"1,115",4.4 out of 5 stars,"6,095",Buy Gear Aspire 30L Water Restant Office Laptop Bag/Backpack for Men/Women/(Black) from Laptop Backpacks at Amazon.in. 30 days free exchange or return,N/A,,Brand: Gear
https://www.amazon.in/ADISA-Laptop-Backpack-Office-College/dp/B09TPX22NF/ref=sr_1_20?crid=2M096C61O4MLT&keywords=bags&qid=1692124014&sprefix=ba%2Caps%2C283&sr=8-20,ADISA 15.6 inch laptop backpack office bag college travel back pack 32 Ltrs,499,3.9 out of 5 stars,"1,119","Amazon.in: Buy ADISA 15.6 inch laptop backpack office bag college travel back pack 32 Ltrs (z-Navy Blue) online at low price in India on Amazon.in. Check out ADISA 15.6 inch laptop backpack office bag college travel back pack 32 Ltrs (z-Navy Blue) reviews, ratings, features, specifications and more at Amazon.in",N/A,N/A,Visit the ADISA Store
https://www.amazon.in/sspa/click?ie=UTF8&spc=MTozNDIzMjUwOTA4MTYxOTQxOjE2OTIxMjQwMTU6c3BfYnRmOjIwMDYwMjE4OTA3Mzk4OjowOjo&url=%2FClownfish-Caroline-Leather-Backpack-Laptops%2Fdp%2FB095PB7G37%2Fref%3Dsr_1_21_sspa%3Fcrid%3D2M096C61O4MLT%26keywords%3Dbags%26qid%3D1692124014%26sprefix%3Dba%252Caps%252C283%26sr%3D8-21-spons%26sp_csd%3Dd2lkZ2V0TmFtZT1zcF9idGY%26psc%3D1,The Clownfish Caroline Faux Leather 18 litres Unisex Travel Laptop Backpack for 14 inch Laptops (Caramel Brown),"1,299",3.2 out of 5 stars,15,Buy The Clownfish Caroline Faux Leather 18 litres Unisex Travel Laptop Backpack for 14 inch Laptops (Caramel Brown) from Laptop Backpacks at Amazon.in. 30 days free exchange or return,N/A,N/A,Visit the THE CLOWNFISH Store
https://www.amazon.in/sspa/click?ie=UTF8&spc=MTozNDIzMjUwOTA4MTYxOTQxOjE2OTIxMjQwMTU6c3BfYnRmOjIwMDYwMjE4OTAzMDk4OjowOjo&url=%2FClownfish-Sovereign-Leather-Backpack-Laptops%2Fdp%2FB08B3GL2QF%2Fref%3Dsr_1_22_sspa%3Fcrid%3D2M096C61O4MLT%26keywords%3Dbags%26qid%3D1692124014%26sprefix%3Dba%252Caps%252C283%26sr%3D8-22-spons%26sp_csd%3Dd2lkZ2V0TmFtZT1zcF9idGY%26psc%3D1,The Clownfish Medium Size Fredrick 27 Liters Faux Leather Mature Laptop Backpack For Men And Women For 15.6 Inch Laptops (Hickory),"1,199",4.1 out of 5 stars,865,Buy The Clownfish Medium Size Fredrick 27 Liters Faux Leather Mature Laptop Backpack For Men And Women For 15.6 Inch Laptops (Hickory) from Coin Purses at Amazon.in. 30 days free exchange or return,N/A,N/A,Visit the THE CLOWNFISH Store
https://www.amazon.in/Skybags-Brat-Black-Casual-Backpack/dp/B08Z1HHHTD/ref=sr_1_1?crid=2M096C61O4MLT&keywords=bags&qid=1692124202&sprefix=ba%2Caps%2C283&sr=8-1,Skybags Brat Black 46 Cms Casual Backpack,649,4.1 out of 5 stars,4.1,Skybags Brat Black 46 Cms Casual Backpack : Amazon.in: Fashion,N/A,"Ideal for a college student who does not carry a lot of books or laptop to college. Very stylish, slim and feature loaded Backpack",Visit the Skybags Store
https://www.amazon.in/American-Tourister-AMT-SCH-02/dp/B07CJCGM1M/ref=sr_1_2?crid=2M096C61O4MLT&keywords=bags&qid=1692124202&sprefix=ba%2Caps%2C283&sr=8-2,American Tourister Fizz Large Size 32 Ltrs Casual Backpack (BLACK),"1,199",4.0 out of 5 stars,4.0,Buy American Tourister Fizz Large Size 32 Ltrs Casual Backpack (BLACK) from Casual Backpacks at Amazon.in. 30 days free exchange or return,N/A,N/A,Brand: American Tourister
https://www.amazon.in/Half-Moon-Waterproof-Backpack-Students/dp/B085MHDJ93/ref=sr_1_3?crid=2M096C61O4MLT&keywords=bags&qid=1692124202&sprefix=ba%2Caps%2C283&sr=8-3,"Half Moon 35 Ltrs Water Resistant 15.6 inch Laptop Bag for Men/Backpack for Men, Navy Blue | Office Bag for Men/Office Bag for Women with Padded Laptop Compartment | Rain Cover & Reflective Strips",649,3.9 out of 5 stars,3.9,"Buy Half Moon 35 Ltrs Water Resistant 15.6 inch Laptop Bag for Men/Backpack for Men, Navy Blue | Office Bag for Men/Office Bag for Women with Padded Laptop Compartment | Rain Cover & Reflective Strips from Laptop Backpacks at Amazon.in. 30 days free exchange or return",N/A,N/A,Visit the Half Moon Store
https://www.amazon.in/Half-Moon-Backpack-Luggage-Compartment/dp/B09VCLZ3K4/ref=sr_1_4?crid=2M096C61O4MLT&keywords=bags&qid=1692124202&sprefix=ba%2Caps%2C283&sr=8-4,Half Moon Large 37L Laptop Bag Backpack for menं Women Boys and Girls Luggage Travel Bags with 17.3 inches Laptop Compartment & Rain Cover,849,3.9 out of 5 stars,3.9,"Buy Half Moon Large 35 Ltrs Water Resistant 17.3"" Laptop Bag for Men/Backpack for Men, Black | Office Bag for Men/Office Bag for Women with Padded Laptop Compartment | Spacious & Multiple Pockets from Laptop Backpacks at Amazon.in. 30 days free exchange or return",N/A,"This backpack is lightweight water-resistant, capacity of approx 37 Ltr, has a soft and ventilated back panel, and is perfect for carrying all your necessities. Adjustable and breathable padded shoulder strap to meet different requirements for both men and women; made from highly rip and water-resistant polyester fabric, provide strengthen and long-lasting performance; roomy enough for your traveling requirements also having a Rain cover.",Visit the Half Moon Store
https://www.amazon.in/gp/bestsellers/luggage/1984997031/ref=sr_bs_4_1984997031_1,"Fur Jaden 55 LTR Rucksack Travel Backpack Bag for Trekking, Hiking with Shoe Compartment",849,4.3 out of 5 stars,4.3,Amazon.in Bestsellers: The most popular items in Rucksacks & Trekking Backpacks,N/A,N/A,N/A
https://www.amazon.in/TRUE-HUMAN-Anti-Theft-backpack-charging/dp/B09QJ7ZF2Y/ref=sr_1_6?crid=2M096C61O4MLT&keywords=bags&qid=1692124202&sprefix=ba%2Caps%2C283&sr=8-6,TRUE HUMAN EMPEROR® Anti-Theft backpack With USB charging Port Laptop bag/Office bag/college bag/travel bag with anti -theft back pocket (LEGEND),599,3.7 out of 5 stars,3.7,Buy TRUE HUMAN EMPEROR® Anti-Theft backpack With USB charging Port Laptop bag/Office bag/college bag/travel bag with anti -theft back pocket (LEGEND) from Laptop Backpacks at Amazon.in. 30 days free exchange or return,N/A,N/A,Visit the TRUE HUMAN Store
https://www.amazon.in/FUR-JADEN-Leatherette-Polypropylene-DUFF05/dp/B07M9BRCQ5/ref=sr_1_7?crid=2M096C61O4MLT&keywords=bags&qid=1692124202&sprefix=ba%2Caps%2C283&sr=8-7,Fur Jaden Brown Textured Leatherette Stylish & Spacious Weekender Duffle Bag for Travel,899,4.3 out of 5 stars,4.3,Fur Jaden Brown Textured Leatherette Stylish & Spacious Weekender Duffle Bag for Travel : Amazon.in: Fashion,N/A,Fur Jaden Brown Textured Leatherette Stylish & Spacious Weekender Duffle Bag for Travel,Brand: FUR JADEN
https://www.amazon.in/Backpack-Business-Scratch-resistant-Multiple-Comfortable/dp/B0B6FNPN76/ref=sr_1_8?crid=2M096C61O4MLT&keywords=bags&qid=1692124202&sprefix=ba%2Caps%2C283&sr=8-8,Arctic Hunter Backpack for Men Premium Business Backpack Office Travel Laptop Bag with 15.6 Inch Laptop Pocket Water/Scratch-resistant Multiple Pocket Comfortable and Padded Backpack for Men,"5,699",4.4 out of 5 stars,4.4,"Buy Arctic Hunter Backpack for Men Premium Business Backpack Office Travel Laptop Bag with 15.6 Inch Laptop Pocket Water/Scratch-resistant Multiple Pocket Comfortable and Padded Backpack for Men, Black from Laptop Backpacks at Amazon.in. 30 days free exchange or return",N/A,N/A,Visit the ah arctic hunter Store
https://www.amazon.in/Gear-Classic-Leather-Backpack-LBPCLSLTH0201/dp/B07G4F6XFH/ref=sr_1_9?crid=2M096C61O4MLT&keywords=bags&qid=1692124202&sprefix=ba%2Caps%2C283&sr=8-9,Gear Classic 20L Small Size Faux Leather Water Resistant Anti Theft Unisex Laptop Backpack- Brown,979,4.4 out of 5 stars,4.4,Buy Gear Classic 20L Small Size Faux Leather Water Resistant Anti Theft Unisex Laptop Backpack- Brown from Laptop Backpacks at Amazon.in. 30 days free exchange or return,N/A,"Gear bags are designed for the quick commute as well for the long journey. these backpacks can be used as laptop bags,adventure bags and so on. Your favorite travel companion, The backpacks come with enough storage space to carry all your requirements.",Visit the Gear Store
https://www.amazon.in/Lenovo-15-6-Inches-Everyday-Backpack/dp/B08R7RPVJF/ref=sr_1_10?crid=2M096C61O4MLT&keywords=bags&qid=1692124202&sprefix=ba%2Caps%2C283&sr=8-10,"Lenovo 15.6"" (39.62cm) Slim Everyday Backpack, Made in India, Compact, Water-resistant, Organized storage:Laptop sleeve,tablet pocket,front workstation,2-side pockets,Padded adjustable shoulder straps",839,4.3 out of 5 stars,4.3,"Amazon.in: Buy Lenovo 15.6"" (39.62cm) Slim Everyday Backpack, Made in India, Compact, Water-resistant, Organized storage:Laptop sleeve,tablet pocket,front workstation,2-side pockets,Padded adjustable shoulder straps online at low price in India on Amazon.in. Check out Lenovo 15.6"" (39.62cm) Slim Everyday Backpack, Made in India, Compact, Water-resistant, Organized storage:Laptop sleeve,tablet pocket,front workstation,2-side pockets,Padded adjustable shoulder straps reviews, ratings, features, specifications and more at Amazon.in",N/A,N/A,Brand: Lenovo
https://www.amazon.in/American-Tourister-BACKPACK-COMPARTMENT-ORGANIZER/dp/B0BTD4FK9G/ref=sr_1_11?crid=2M096C61O4MLT&keywords=bags&qid=1692124202&sprefix=ba%2Caps%2C283&sr=8-11,"American Tourister VALEX BLUE LAPTOP BACKPACK 28 Ltrs,Volume, LAPTOP COMPARTMENT, BOTTLE POCKET, FRONT ORGANIZER","1,399",4.2 out of 5 stars,4.2,"Buy American Tourister VALEX BLUE LAPTOP BACKPACK 28 Ltrs,Volume, LAPTOP COMPARTMENT, BOTTLE POCKET, FRONT ORGANIZER from Laptop Backpacks at Amazon.in. 30 days free exchange or return",N/A,"A backpack isn’t just a bag. It’s a cache, a case, a mobile base of sorts. And it is a reflection of the care you’ve put into selecting the ideal loadout of items to keep on you. Introducing Valex, a modern everyday backpacks collections are available in a variety of nice looking colours to express your true self",Brand: American Tourister
https://www.amazon.in/Backpack-Small-Black-Water-Repellant/dp/B088XB5XY8/ref=sr_1_12?crid=2M096C61O4MLT&keywords=bags&qid=1692124202&sprefix=ba%2Caps%2C283&sr=8-12,"Mi Step Out 12 L Mini Backpack (Small Size, Black, Water Repellant)",398,4.1 out of 5 stars,4.1,"Mi Step Out 12 L Mini Backpack (Small Size, Black, Water Repellant) : Amazon.in: Bags, Wallets and Luggage",N/A,N/A,Brand: MI
https://www.amazon.in/Number-Backpack-Compartment-Charging-Organizer/dp/B09VTDMRY7/ref=sr_1_13?crid=2M096C61O4MLT&keywords=bags&qid=1692124202&sprefix=ba%2Caps%2C283&sr=8-13,"FUR JADEN Anti Theft Number Lock Backpack Bag with 15.6 Inch Laptop Compartment, USB Charging Port & Organizer Pocket for Men Women Boys Girls",679,4.0 out of 5 stars,4.0,"Buy FUR JADEN Anti Theft Number Lock Backpack Bag with 15.6 Inch Laptop Compartment, USB Charging Port & Organizer Pocket for Men Women Boys Girls (Black) from Laptop Backpacks at Amazon.in. 30 days free exchange or return",N/A,"Stay organized all day with a durable and lightweight backpack from Fur Jaden. This back pack is a stylish and functional accessory for men and women. Can add admiration to an appealing and daring personality with a remarkable aesthetics and functionality. This backpack features an anti-theft design. You can also charge your phone on the go and organize your stuff like pro. Fur Jaden functional back pack is apt to protect your gadgets and belongings from being stolen while you travel, thanks to its special anti-theft design. Now keep your belongings safe with style. The backpack features multiple compartments that you may use for your laptop and other essentials. A remarkable feature of this backpack allows you to charge your phone while you are on the move. With an attached charging dock in the back you may connect a portable power bank with ease. Weighing about 600grams, this backpack is lightweight. The backpack is able to house a laptop of up to 15.6 inches and has seven inner compartments to place your other essentials. Made from durable quality polymer this Fur Jaden back pack is sturdy and reliable. Flaunt this bag with style and low maintenance as this bag is washable. This backpack is also suitable for school or college. The straps are designed to distribute the weight equally on each shoulder preventing any sort of discomfort. Use this back pack for office, college/school or during travels.",Brand: FUR JADEN
https://www.amazon.in/gp/bestsellers/luggage/2917507031/ref=sr_bs_13_2917507031_1,Sfane Polyester 23cms Duffle/Shoulder/Gym Bag for Men & Women with Separate Shoe Compartment (Grey),387,4.3 out of 5 stars,4.3,Amazon.in Bestsellers: The most popular items in Sports Duffles,N/A,N/A,N/A
https://www.amazon.in/Gear-Black-Laptop-Backpack-LBPASPIRE0104/dp/B075MK4TXP/ref=sr_1_15?crid=2M096C61O4MLT&keywords=bags&qid=1692124202&sprefix=ba%2Caps%2C283&sr=8-15,Gear Cello 30 Ltrs Black Laptop Backpack (LBPASPIRE0104),"1,115",4.4 out of 5 stars,4.4,Buy Gear Aspire 30L Water Restant Office Laptop Bag/Backpack for Men/Women/(Black) from Laptop Backpacks at Amazon.in. 30 days free exchange or return,N/A,,Brand: Gear
https://www.amazon.in/ADISA-Laptop-Backpack-Office-College/dp/B09TPX22NF/ref=sr_1_16?crid=2M096C61O4MLT&keywords=bags&qid=1692124202&sprefix=ba%2Caps%2C283&sr=8-16,ADISA 15.6 inch laptop backpack office bag college travel back pack 32 Ltrs,549,3.9 out of 5 stars,3.9,"Amazon.in: Buy ADISA 15.6 inch laptop backpack office bag college travel back pack 32 Ltrs (z-Navy Blue) online at low price in India on Amazon.in. Check out ADISA 15.6 inch laptop backpack office bag college travel back pack 32 Ltrs (z-Navy Blue) reviews, ratings, features, specifications and more at Amazon.in",N/A,N/A,Visit the ADISA Store
https://www.amazon.in/Skybags-Brat-Black-Casual-Backpack/dp/B08Z1HHHTD/ref=sr_1_1?crid=2M096C61O4MLT&keywords=bags&qid=1692124335&sprefix=ba%2Caps%2C283&sr=8-1,Skybags Brat Black 46 Cms Casual Backpack,649,4.1 out of 5 stars,4.1,Skybags Brat Black 46 Cms Casual Backpack : Amazon.in: Fashion,N/A,"Ideal for a college student who does not carry a lot of books or laptop to college. Very stylish, slim and feature loaded Backpack",Visit the Skybags Store
https://www.amazon.in/American-Tourister-AMT-SCH-02/dp/B07CJCGM1M/ref=sr_1_2?crid=2M096C61O4MLT&keywords=bags&qid=1692124335&sprefix=ba%2Caps%2C283&sr=8-2,American Tourister Fizz Large Size 32 Ltrs Casual Backpack (BLACK),"1,199",4.0 out of 5 stars,4.0,Buy American Tourister Fizz Large Size 32 Ltrs Casual Backpack (BLACK) from Casual Backpacks at Amazon.in. 30 days free exchange or return,N/A,N/A,Brand: American Tourister
https://www.amazon.in/Half-Moon-Waterproof-Backpack-Students/dp/B085MHDJ93/ref=sr_1_3?crid=2M096C61O4MLT&keywords=bags&qid=1692124335&sprefix=ba%2Caps%2C283&sr=8-3,"Half Moon 35 Ltrs Water Resistant 15.6 inch Laptop Bag for Men/Backpack for Men, Navy Blue | Office Bag for Men/Office Bag for Women with Padded Laptop Compartment | Rain Cover & Reflective Strips",649,3.9 out of 5 stars,3.9,"Buy Half Moon 35 Ltrs Water Resistant 15.6 inch Laptop Bag for Men/Backpack for Men, Navy Blue | Office Bag for Men/Office Bag for Women with Padded Laptop Compartment | Rain Cover & Reflective Strips from Laptop Backpacks at Amazon.in. 30 days free exchange or return",N/A,N/A,Visit the Half Moon Store
https://www.amazon.in/Half-Moon-Backpack-Luggage-Compartment/dp/B09VCLZ3K4/ref=sr_1_4?crid=2M096C61O4MLT&keywords=bags&qid=1692124335&sprefix=ba%2Caps%2C283&sr=8-4,Half Moon Large 37L Laptop Bag Backpack for menं Women Boys and Girls Luggage Travel Bags with 17.3 inches Laptop Compartment & Rain Cover,849,3.9 out of 5 stars,3.9,"Buy Half Moon Large 35 Ltrs Water Resistant 17.3"" Laptop Bag for Men/Backpack for Men, Black | Office Bag for Men/Office Bag for Women with Padded Laptop Compartment | Spacious & Multiple Pockets from Laptop Backpacks at Amazon.in. 30 days free exchange or return",N/A,"This backpack is lightweight water-resistant, capacity of approx 37 Ltr, has a soft and ventilated back panel, and is perfect for carrying all your necessities. Adjustable and breathable padded shoulder strap to meet different requirements for both men and women; made from highly rip and water-resistant polyester fabric, provide strengthen and long-lasting performance; roomy enough for your traveling requirements also having a Rain cover.",Visit the Half Moon Store
https://www.amazon.in/gp/bestsellers/luggage/1984997031/ref=sr_bs_4_1984997031_1,"Fur Jaden 55 LTR Rucksack Travel Backpack Bag for Trekking, Hiking with Shoe Compartment",849,4.3 out of 5 stars,4.3,Amazon.in Bestsellers: The most popular items in Rucksacks & Trekking Backpacks,N/A,N/A,N/A
https://www.amazon.in/TRUE-HUMAN-Anti-Theft-backpack-charging/dp/B09QJ7ZF2Y/ref=sr_1_6?crid=2M096C61O4MLT&keywords=bags&qid=1692124335&sprefix=ba%2Caps%2C283&sr=8-6,TRUE HUMAN EMPEROR® Anti-Theft backpack With USB charging Port Laptop bag/Office bag/college bag/travel bag with anti -theft back pocket (LEGEND),599,3.7 out of 5 stars,3.7,Buy TRUE HUMAN EMPEROR® Anti-Theft backpack With USB charging Port Laptop bag/Office bag/college bag/travel bag with anti -theft back pocket (LEGEND) from Laptop Backpacks at Amazon.in. 30 days free exchange or return,N/A,N/A,Visit the TRUE HUMAN Store
https://www.amazon.in/FUR-JADEN-Leatherette-Polypropylene-DUFF05/dp/B07M9BRCQ5/ref=sr_1_7?crid=2M096C61O4MLT&keywords=bags&qid=1692124335&sprefix=ba%2Caps%2C283&sr=8-7,Fur Jaden Brown Textured Leatherette Stylish & Spacious Weekender Duffle Bag for Travel,899,4.3 out of 5 stars,4.3,Fur Jaden Brown Textured Leatherette Stylish & Spacious Weekender Duffle Bag for Travel : Amazon.in: Fashion,N/A,Fur Jaden Brown Textured Leatherette Stylish & Spacious Weekender Duffle Bag for Travel,Brand: FUR JADEN
https://www.amazon.in/Backpack-Business-Scratch-resistant-Multiple-Comfortable/dp/B0B6FNPN76/ref=sr_1_8?crid=2M096C61O4MLT&keywords=bags&qid=1692124335&sprefix=ba%2Caps%2C283&sr=8-8,Arctic Hunter Backpack for Men Premium Business Backpack Office Travel Laptop Bag with 15.6 Inch Laptop Pocket Water/Scratch-resistant Multiple Pocket Comfortable and Padded Backpack for Men,"5,699",4.4 out of 5 stars,4.4,"Buy Arctic Hunter Backpack for Men Premium Business Backpack Office Travel Laptop Bag with 15.6 Inch Laptop Pocket Water/Scratch-resistant Multiple Pocket Comfortable and Padded Backpack for Men, Black from Laptop Backpacks at Amazon.in. 30 days free exchange or return",N/A,N/A,Visit the ah arctic hunter Store
https://www.amazon.in/Gear-Classic-Leather-Backpack-LBPCLSLTH0201/dp/B07G4F6XFH/ref=sr_1_9?crid=2M096C61O4MLT&keywords=bags&qid=1692124335&sprefix=ba%2Caps%2C283&sr=8-9,Gear Classic 20L Small Size Faux Leather Water Resistant Anti Theft Unisex Laptop Backpack- Brown,979,4.4 out of 5 stars,4.4,Buy Gear Classic 20L Small Size Faux Leather Water Resistant Anti Theft Unisex Laptop Backpack- Brown from Laptop Backpacks at Amazon.in. 30 days free exchange or return,N/A,"Gear bags are designed for the quick commute as well for the long journey. these backpacks can be used as laptop bags,adventure bags and so on. Your favorite travel companion, The backpacks come with enough storage space to carry all your requirements.",Visit the Gear Store
https://www.amazon.in/Lenovo-15-6-Inches-Everyday-Backpack/dp/B08R7RPVJF/ref=sr_1_10?crid=2M096C61O4MLT&keywords=bags&qid=1692124335&sprefix=ba%2Caps%2C283&sr=8-10,"Lenovo 15.6"" (39.62cm) Slim Everyday Backpack, Made in India, Compact, Water-resistant, Organized storage:Laptop sleeve,tablet pocket,front workstation,2-side pockets,Padded adjustable shoulder straps",839,4.3 out of 5 stars,4.3,"Amazon.in: Buy Lenovo 15.6"" (39.62cm) Slim Everyday Backpack, Made in India, Compact, Water-resistant, Organized storage:Laptop sleeve,tablet pocket,front workstation,2-side pockets,Padded adjustable shoulder straps online at low price in India on Amazon.in. Check out Lenovo 15.6"" (39.62cm) Slim Everyday Backpack, Made in India, Compact, Water-resistant, Organized storage:Laptop sleeve,tablet pocket,front workstation,2-side pockets,Padded adjustable shoulder straps reviews, ratings, features, specifications and more at Amazon.in",N/A,N/A,Brand: Lenovo
https://www.amazon.in/American-Tourister-BACKPACK-COMPARTMENT-ORGANIZER/dp/B0BTD4FK9G/ref=sr_1_11?crid=2M096C61O4MLT&keywords=bags&qid=1692124335&sprefix=ba%2Caps%2C283&sr=8-11,"American Tourister VALEX BLUE LAPTOP BACKPACK 28 Ltrs,Volume, LAPTOP COMPARTMENT, BOTTLE POCKET, FRONT ORGANIZER","1,399",4.2 out of 5 stars,4.2,"Buy American Tourister VALEX BLUE LAPTOP BACKPACK 28 Ltrs,Volume, LAPTOP COMPARTMENT, BOTTLE POCKET, FRONT ORGANIZER from Laptop Backpacks at Amazon.in. 30 days free exchange or return",N/A,"A backpack isn’t just a bag. It’s a cache, a case, a mobile base of sorts. And it is a reflection of the care you’ve put into selecting the ideal loadout of items to keep on you. Introducing Valex, a modern everyday backpacks collections are available in a variety of nice looking colours to express your true self",Brand: American Tourister
https://www.amazon.in/Backpack-Small-Black-Water-Repellant/dp/B088XB5XY8/ref=sr_1_12?crid=2M096C61O4MLT&keywords=bags&qid=1692124335&sprefix=ba%2Caps%2C283&sr=8-12,"Mi Step Out 12 L Mini Backpack (Small Size, Black, Water Repellant)",398,4.1 out of 5 stars,4.1,"Mi Step Out 12 L Mini Backpack (Small Size, Black, Water Repellant) : Amazon.in: Bags, Wallets and Luggage",N/A,N/A,Brand: MI
https://www.amazon.in/Number-Backpack-Compartment-Charging-Organizer/dp/B09VTDMRY7/ref=sr_1_13?crid=2M096C61O4MLT&keywords=bags&qid=1692124335&sprefix=ba%2Caps%2C283&sr=8-13,"FUR JADEN Anti Theft Number Lock Backpack Bag with 15.6 Inch Laptop Compartment, USB Charging Port & Organizer Pocket for Men Women Boys Girls",679,4.0 out of 5 stars,4.0,"Buy FUR JADEN Anti Theft Number Lock Backpack Bag with 15.6 Inch Laptop Compartment, USB Charging Port & Organizer Pocket for Men Women Boys Girls (Black) from Laptop Backpacks at Amazon.in. 30 days free exchange or return",N/A,"Stay organized all day with a durable and lightweight backpack from Fur Jaden. This back pack is a stylish and functional accessory for men and women. Can add admiration to an appealing and daring personality with a remarkable aesthetics and functionality. This backpack features an anti-theft design. You can also charge your phone on the go and organize your stuff like pro. Fur Jaden functional back pack is apt to protect your gadgets and belongings from being stolen while you travel, thanks to its special anti-theft design. Now keep your belongings safe with style. The backpack features multiple compartments that you may use for your laptop and other essentials. A remarkable feature of this backpack allows you to charge your phone while you are on the move. With an attached charging dock in the back you may connect a portable power bank with ease. Weighing about 600grams, this backpack is lightweight. The backpack is able to house a laptop of up to 15.6 inches and has seven inner compartments to place your other essentials. Made from durable quality polymer this Fur Jaden back pack is sturdy and reliable. Flaunt this bag with style and low maintenance as this bag is washable. This backpack is also suitable for school or college. The straps are designed to distribute the weight equally on each shoulder preventing any sort of discomfort. Use this back pack for office, college/school or during travels.",Brand: FUR JADEN
https://www.amazon.in/gp/bestsellers/luggage/2917507031/ref=sr_bs_13_2917507031_1,Sfane Polyester 23cms Duffle/Shoulder/Gym Bag for Men & Women with Separate Shoe Compartment (Grey),387,4.3 out of 5 stars,4.3,Amazon.in Bestsellers: The most popular items in Sports Duffles,N/A,N/A,N/A
https://www.amazon.in/Gear-Black-Laptop-Backpack-LBPASPIRE0104/dp/B075MK4TXP/ref=sr_1_15?crid=2M096C61O4MLT&keywords=bags&qid=1692124335&sprefix=ba%2Caps%2C283&sr=8-15,Gear Cello 30 Ltrs Black Laptop Backpack (LBPASPIRE0104),"1,115",4.4 out of 5 stars,4.4,Buy Gear Aspire 30L Water Restant Office Laptop Bag/Backpack for Men/Women/(Black) from Laptop Backpacks at Amazon.in. 30 days free exchange or return,N/A,,Brand: Gear
https://www.amazon.in/ADISA-Laptop-Backpack-Office-College/dp/B09TPX22NF/ref=sr_1_16?crid=2M096C61O4MLT&keywords=bags&qid=1692124335&sprefix=ba%2Caps%2C283&sr=8-16,ADISA 15.6 inch laptop backpack office bag college travel back pack 32 Ltrs,549,3.9 out of 5 stars,3.9,"Amazon.in: Buy ADISA 15.6 inch laptop backpack office bag college travel back pack 32 Ltrs (z-Navy Blue) online at low price in India on Amazon.in. Check out ADISA 15.6 inch laptop backpack office bag college travel back pack 32 Ltrs (z-Navy Blue) reviews, ratings, features, specifications and more at Amazon.in",N/A,N/A,Visit the ADISA Store
https://www.amazon.in/Skybags-Brat-Black-Casual-Backpack/dp/B08Z1HHHTD/ref=sr_1_1?crid=2M096C61O4MLT&keywords=bags&qid=1692124466&sprefix=ba%2Caps%2C283&sr=8-1,Skybags Brat Black 46 Cms Casual Backpack,649,4.1 out of 5 stars,4.1,Skybags Brat Black 46 Cms Casual Backpack : Amazon.in: Fashion,N/A,"Ideal for a college student who does not carry a lot of books or laptop to college. Very stylish, slim and feature loaded Backpack",Visit the Skybags Store
https://www.amazon.in/American-Tourister-AMT-SCH-02/dp/B07CJCGM1M/ref=sr_1_2?crid=2M096C61O4MLT&keywords=bags&qid=1692124466&sprefix=ba%2Caps%2C283&sr=8-2,American Tourister Fizz Large Size 32 Ltrs Casual Backpack (BLACK),"1,199",4.0 out of 5 stars,4.0,Buy American Tourister Fizz Large Size 32 Ltrs Casual Backpack (BLACK) from Casual Backpacks at Amazon.in. 30 days free exchange or return,N/A,N/A,Brand: American Tourister
https://www.amazon.in/Half-Moon-Waterproof-Backpack-Students/dp/B085MHDJ93/ref=sr_1_3?crid=2M096C61O4MLT&keywords=bags&qid=1692124466&sprefix=ba%2Caps%2C283&sr=8-3,"Half Moon 35 Ltrs Water Resistant 15.6 inch Laptop Bag for Men/Backpack for Men, Navy Blue | Office Bag for Men/Office Bag for Women with Padded Laptop Compartment | Rain Cover & Reflective Strips",649,3.9 out of 5 stars,3.9,"Buy Half Moon 35 Ltrs Water Resistant 15.6 inch Laptop Bag for Men/Backpack for Men, Navy Blue | Office Bag for Men/Office Bag for Women with Padded Laptop Compartment | Rain Cover & Reflective Strips from Laptop Backpacks at Amazon.in. 30 days free exchange or return",N/A,N/A,Visit the Half Moon Store
https://www.amazon.in/Half-Moon-Backpack-Luggage-Compartment/dp/B09VCLZ3K4/ref=sr_1_4?crid=2M096C61O4MLT&keywords=bags&qid=1692124466&sprefix=ba%2Caps%2C283&sr=8-4,Half Moon Large 37L Laptop Bag Backpack for menं Women Boys and Girls Luggage Travel Bags with 17.3 inches Laptop Compartment & Rain Cover,849,3.9 out of 5 stars,3.9,"Buy Half Moon Large 35 Ltrs Water Resistant 17.3"" Laptop Bag for Men/Backpack for Men, Black | Office Bag for Men/Office Bag for Women with Padded Laptop Compartment | Spacious & Multiple Pockets from Laptop Backpacks at Amazon.in. 30 days free exchange or return",N/A,"This backpack is lightweight water-resistant, capacity of approx 37 Ltr, has a soft and ventilated back panel, and is perfect for carrying all your necessities. Adjustable and breathable padded shoulder strap to meet different requirements for both men and women; made from highly rip and water-resistant polyester fabric, provide strengthen and long-lasting performance; roomy enough for your traveling requirements also having a Rain cover.",Visit the Half Moon Store
https://www.amazon.in/gp/bestsellers/luggage/1984997031/ref=sr_bs_4_1984997031_1,"Fur Jaden 55 LTR Rucksack Travel Backpack Bag for Trekking, Hiking with Shoe Compartment",849,4.3 out of 5 stars,4.3,Amazon.in Bestsellers: The most popular items in Rucksacks & Trekking Backpacks,N/A,N/A,N/A
https://www.amazon.in/TRUE-HUMAN-Anti-Theft-backpack-charging/dp/B09QJ7ZF2Y/ref=sr_1_6?crid=2M096C61O4MLT&keywords=bags&qid=1692124466&sprefix=ba%2Caps%2C283&sr=8-6,TRUE HUMAN EMPEROR® Anti-Theft backpack With USB charging Port Laptop bag/Office bag/college bag/travel bag with anti -theft back pocket (LEGEND),599,3.7 out of 5 stars,3.7,N/A,N/A,N/A,N/A
https://www.amazon.in/FUR-JADEN-Leatherette-Polypropylene-DUFF05/dp/B07M9BRCQ5/ref=sr_1_7?crid=2M096C61O4MLT&keywords=bags&qid=1692124466&sprefix=ba%2Caps%2C283&sr=8-7,Fur Jaden Brown Textured Leatherette Stylish & Spacious Weekender Duffle Bag for Travel,899,4.3 out of 5 stars,4.3,Fur Jaden Brown Textured Leatherette Stylish & Spacious Weekender Duffle Bag for Travel : Amazon.in: Fashion,N/A,Fur Jaden Brown Textured Leatherette Stylish & Spacious Weekender Duffle Bag for Travel,Brand: FUR JADEN
https://www.amazon.in/Backpack-Business-Scratch-resistant-Multiple-Comfortable/dp/B0B6FNPN76/ref=sr_1_8?crid=2M096C61O4MLT&keywords=bags&qid=1692124466&sprefix=ba%2Caps%2C283&sr=8-8,Arctic Hunter Backpack for Men Premium Business Backpack Office Travel Laptop Bag with 15.6 Inch Laptop Pocket Water/Scratch-resistant Multiple Pocket Comfortable and Padded Backpack for Men,"5,699",4.4 out of 5 stars,4.4,"Buy Arctic Hunter Backpack for Men Premium Business Backpack Office Travel Laptop Bag with 15.6 Inch Laptop Pocket Water/Scratch-resistant Multiple Pocket Comfortable and Padded Backpack for Men, Black from Laptop Backpacks at Amazon.in. 30 days free exchange or return",N/A,N/A,Visit the ah arctic hunter Store
https://www.amazon.in/Gear-Classic-Leather-Backpack-LBPCLSLTH0201/dp/B07G4F6XFH/ref=sr_1_9?crid=2M096C61O4MLT&keywords=bags&qid=1692124466&sprefix=ba%2Caps%2C283&sr=8-9,Gear Classic 20L Small Size Faux Leather Water Resistant Anti Theft Unisex Laptop Backpack- Brown,979,4.4 out of 5 stars,4.4,Buy Gear Classic 20L Small Size Faux Leather Water Resistant Anti Theft Unisex Laptop Backpack- Brown from Laptop Backpacks at Amazon.in. 30 days free exchange or return,N/A,"Gear bags are designed for the quick commute as well for the long journey. these backpacks can be used as laptop bags,adventure bags and so on. Your favorite travel companion, The backpacks come with enough storage space to carry all your requirements.",Visit the Gear Store
https://www.amazon.in/Lenovo-15-6-Inches-Everyday-Backpack/dp/B08R7RPVJF/ref=sr_1_10?crid=2M096C61O4MLT&keywords=bags&qid=1692124466&sprefix=ba%2Caps%2C283&sr=8-10,"Lenovo 15.6"" (39.62cm) Slim Everyday Backpack, Made in India, Compact, Water-resistant, Organized storage:Laptop sleeve,tablet pocket,front workstation,2-side pockets,Padded adjustable shoulder straps",839,4.3 out of 5 stars,4.3,"Amazon.in: Buy Lenovo 15.6"" (39.62cm) Slim Everyday Backpack, Made in India, Compact, Water-resistant, Organized storage:Laptop sleeve,tablet pocket,front workstation,2-side pockets,Padded adjustable shoulder straps online at low price in India on Amazon.in. Check out Lenovo 15.6"" (39.62cm) Slim Everyday Backpack, Made in India, Compact, Water-resistant, Organized storage:Laptop sleeve,tablet pocket,front workstation,2-side pockets,Padded adjustable shoulder straps reviews, ratings, features, specifications and more at Amazon.in",N/A,N/A,Brand: Lenovo
https://www.amazon.in/American-Tourister-BACKPACK-COMPARTMENT-ORGANIZER/dp/B0BTD4FK9G/ref=sr_1_11?crid=2M096C61O4MLT&keywords=bags&qid=1692124466&sprefix=ba%2Caps%2C283&sr=8-11,"American Tourister VALEX BLUE LAPTOP BACKPACK 28 Ltrs,Volume, LAPTOP COMPARTMENT, BOTTLE POCKET, FRONT ORGANIZER","1,399",4.2 out of 5 stars,4.2,N/A,N/A,N/A,N/A
https://www.amazon.in/Backpack-Small-Black-Water-Repellant/dp/B088XB5XY8/ref=sr_1_12?crid=2M096C61O4MLT&keywords=bags&qid=1692124466&sprefix=ba%2Caps%2C283&sr=8-12,"Mi Step Out 12 L Mini Backpack (Small Size, Black, Water Repellant)",398,4.1 out of 5 stars,4.1,"Mi Step Out 12 L Mini Backpack (Small Size, Black, Water Repellant) : Amazon.in: Bags, Wallets and Luggage",N/A,N/A,Brand: MI
https://www.amazon.in/Number-Backpack-Compartment-Charging-Organizer/dp/B09VTDMRY7/ref=sr_1_13?crid=2M096C61O4MLT&keywords=bags&qid=1692124466&sprefix=ba%2Caps%2C283&sr=8-13,"FUR JADEN Anti Theft Number Lock Backpack Bag with 15.6 Inch Laptop Compartment, USB Charging Port & Organizer Pocket for Men Women Boys Girls",679,4.0 out of 5 stars,4.0,"Buy FUR JADEN Anti Theft Number Lock Backpack Bag with 15.6 Inch Laptop Compartment, USB Charging Port & Organizer Pocket for Men Women Boys Girls (Black) from Laptop Backpacks at Amazon.in. 30 days free exchange or return",N/A,"Stay organized all day with a durable and lightweight backpack from Fur Jaden. This back pack is a stylish and functional accessory for men and women. Can add admiration to an appealing and daring personality with a remarkable aesthetics and functionality. This backpack features an anti-theft design. You can also charge your phone on the go and organize your stuff like pro. Fur Jaden functional back pack is apt to protect your gadgets and belongings from being stolen while you travel, thanks to its special anti-theft design. Now keep your belongings safe with style. The backpack features multiple compartments that you may use for your laptop and other essentials. A remarkable feature of this backpack allows you to charge your phone while you are on the move. With an attached charging dock in the back you may connect a portable power bank with ease. Weighing about 600grams, this backpack is lightweight. The backpack is able to house a laptop of up to 15.6 inches and has seven inner compartments to place your other essentials. Made from durable quality polymer this Fur Jaden back pack is sturdy and reliable. Flaunt this bag with style and low maintenance as this bag is washable. This backpack is also suitable for school or college. The straps are designed to distribute the weight equally on each shoulder preventing any sort of discomfort. Use this back pack for office, college/school or during travels.",Brand: FUR JADEN
https://www.amazon.in/gp/bestsellers/luggage/2917507031/ref=sr_bs_13_2917507031_1,Sfane Polyester 23cms Duffle/Shoulder/Gym Bag for Men & Women with Separate Shoe Compartment (Grey),387,4.3 out of 5 stars,4.3,Amazon.in Bestsellers: The most popular items in Sports Duffles,N/A,N/A,N/A
https://www.amazon.in/Gear-Black-Laptop-Backpack-LBPASPIRE0104/dp/B075MK4TXP/ref=sr_1_15?crid=2M096C61O4MLT&keywords=bags&qid=1692124466&sprefix=ba%2Caps%2C283&sr=8-15,Gear Cello 30 Ltrs Black Laptop Backpack (LBPASPIRE0104),"1,115",4.4 out of 5 stars,4.4,N/A,N/A,N/A,N/A
https://www.amazon.in/ADISA-Laptop-Backpack-Office-College/dp/B09TPX22NF/ref=sr_1_16?crid=2M096C61O4MLT&keywords=bags&qid=1692124466&sprefix=ba%2Caps%2C283&sr=8-16,ADISA 15.6 inch laptop backpack office bag college travel back pack 32 Ltrs,549,3.9 out of 5 stars,3.9,N/A,N/A,N/A,N/A
https://www.amazon.in/Skybags-Brat-Black-Casual-Backpack/dp/B08Z1HHHTD/ref=sr_1_1?crid=2M096C61O4MLT&keywords=bags&qid=1692124588&sprefix=ba%2Caps%2C283&sr=8-1,Skybags Brat Black 46 Cms Casual Backpack,649,4.1 out of 5 stars,"5,449",N/A,N/A,N/A,N/A
https://www.amazon.in/American-Tourister-AMT-SCH-02/dp/B07CJCGM1M/ref=sr_1_2?crid=2M096C61O4MLT&keywords=bags&qid=1692124588&sprefix=ba%2Caps%2C283&sr=8-2,American Tourister Fizz Large Size 32 Ltrs Casual Backpack (BLACK),"1,199",4.0 out of 5 stars,"55,105",N/A,N/A,N/A,N/A
https://www.amazon.in/Half-Moon-Waterproof-Backpack-Students/dp/B085MHDJ93/ref=sr_1_3?crid=2M096C61O4MLT&keywords=bags&qid=1692124588&sprefix=ba%2Caps%2C283&sr=8-3,"Half Moon 35 Ltrs Water Resistant 15.6 inch Laptop Bag for Men/Backpack for Men, Navy Blue | Office Bag for Men/Office Bag for Women with Padded Laptop Compartment | Rain Cover & Reflective Strips",649,3.9 out of 5 stars,"16,870",N/A,N/A,N/A,N/A
https://www.amazon.in/Half-Moon-Backpack-Luggage-Compartment/dp/B09VCLZ3K4/ref=sr_1_4?crid=2M096C61O4MLT&keywords=bags&qid=1692124588&sprefix=ba%2Caps%2C283&sr=8-4,Half Moon Large 37L Laptop Bag Backpack for menं Women Boys and Girls Luggage Travel Bags with 17.3 inches Laptop Compartment & Rain Cover,849,3.9 out of 5 stars,"3,394",N/A,N/A,N/A,N/A
https://www.amazon.in/gp/bestsellers/luggage/1984997031/ref=sr_bs_4_1984997031_1,"Fur Jaden 55 LTR Rucksack Travel Backpack Bag for Trekking, Hiking with Shoe Compartment",849,4.3 out of 5 stars,"5,572",Amazon.in Bestsellers: The most popular items in Rucksacks & Trekking Backpacks,N/A,N/A,N/A
https://www.amazon.in/TRUE-HUMAN-Anti-Theft-backpack-charging/dp/B09QJ7ZF2Y/ref=sr_1_6?crid=2M096C61O4MLT&keywords=bags&qid=1692124588&sprefix=ba%2Caps%2C283&sr=8-6,TRUE HUMAN EMPEROR® Anti-Theft backpack With USB charging Port Laptop bag/Office bag/college bag/travel bag with anti -theft back pocket (LEGEND),599,3.7 out of 5 stars,"2,437",N/A,N/A,N/A,N/A
https://www.amazon.in/FUR-JADEN-Leatherette-Polypropylene-DUFF05/dp/B07M9BRCQ5/ref=sr_1_7?crid=2M096C61O4MLT&keywords=bags&qid=1692124588&sprefix=ba%2Caps%2C283&sr=8-7,Fur Jaden Brown Textured Leatherette Stylish & Spacious Weekender Duffle Bag for Travel,899,4.3 out of 5 stars,"6,455",N/A,N/A,N/A,N/A
https://www.amazon.in/Backpack-Business-Scratch-resistant-Multiple-Comfortable/dp/B0B6FNPN76/ref=sr_1_8?crid=2M096C61O4MLT&keywords=bags&qid=1692124588&sprefix=ba%2Caps%2C283&sr=8-8,Arctic Hunter Backpack for Men Premium Business Backpack Office Travel Laptop Bag with 15.6 Inch Laptop Pocket Water/Scratch-resistant Multiple Pocket Comfortable and Padded Backpack for Men,"5,699",4.4 out of 5 stars,169,"Buy Arctic Hunter Backpack for Men Premium Business Backpack Office Travel Laptop Bag with 15.6 Inch Laptop Pocket Water/Scratch-resistant Multiple Pocket Comfortable and Padded Backpack for Men, Black from Laptop Backpacks at Amazon.in. 30 days free exchange or return",N/A,N/A,Visit the ah arctic hunter Store
https://www.amazon.in/Gear-Classic-Leather-Backpack-LBPCLSLTH0201/dp/B07G4F6XFH/ref=sr_1_9?crid=2M096C61O4MLT&keywords=bags&qid=1692124588&sprefix=ba%2Caps%2C283&sr=8-9,Gear Classic 20L Small Size Faux Leather Water Resistant Anti Theft Unisex Laptop Backpack- Brown,979,4.4 out of 5 stars,"6,012",N/A,N/A,N/A,N/A
https://www.amazon.in/Lenovo-15-6-Inches-Everyday-Backpack/dp/B08R7RPVJF/ref=sr_1_10?crid=2M096C61O4MLT&keywords=bags&qid=1692124588&sprefix=ba%2Caps%2C283&sr=8-10,"Lenovo 15.6"" (39.62cm) Slim Everyday Backpack, Made in India, Compact, Water-resistant, Organized storage:Laptop sleeve,tablet pocket,front workstation,2-side pockets,Padded adjustable shoulder straps",839,4.3 out of 5 stars,"4,077",N/A,N/A,N/A,N/A
https://www.amazon.in/American-Tourister-BACKPACK-COMPARTMENT-ORGANIZER/dp/B0BTD4FK9G/ref=sr_1_11?crid=2M096C61O4MLT&keywords=bags&qid=1692124588&sprefix=ba%2Caps%2C283&sr=8-11,"American Tourister VALEX BLUE LAPTOP BACKPACK 28 Ltrs,Volume, LAPTOP COMPARTMENT, BOTTLE POCKET, FRONT ORGANIZER","1,399",4.2 out of 5 stars,629,N/A,N/A,N/A,N/A
https://www.amazon.in/Backpack-Small-Black-Water-Repellant/dp/B088XB5XY8/ref=sr_1_12?crid=2M096C61O4MLT&keywords=bags&qid=1692124588&sprefix=ba%2Caps%2C283&sr=8-12,"Mi Step Out 12 L Mini Backpack (Small Size, Black, Water Repellant)",398,4.1 out of 5 stars,"9,645",N/A,N/A,N/A,N/A
https://www.amazon.in/Number-Backpack-Compartment-Charging-Organizer/dp/B09VTDMRY7/ref=sr_1_13?crid=2M096C61O4MLT&keywords=bags&qid=1692124588&sprefix=ba%2Caps%2C283&sr=8-13,"FUR JADEN Anti Theft Number Lock Backpack Bag with 15.6 Inch Laptop Compartment, USB Charging Port & Organizer Pocket for Men Women Boys Girls",679,4.0 out of 5 stars,"5,456",N/A,N/A,N/A,N/A
https://www.amazon.in/gp/bestsellers/luggage/2917507031/ref=sr_bs_13_2917507031_1,Sfane Polyester 23cms Duffle/Shoulder/Gym Bag for Men & Women with Separate Shoe Compartment (Grey),387,4.3 out of 5 stars,"7,842",Amazon.in Bestsellers: The most popular items in Sports Duffles,N/A,N/A,N/A
https://www.amazon.in/Gear-Black-Laptop-Backpack-LBPASPIRE0104/dp/B075MK4TXP/ref=sr_1_15?crid=2M096C61O4MLT&keywords=bags&qid=1692124588&sprefix=ba%2Caps%2C283&sr=8-15,Gear Cello 30 Ltrs Black Laptop Backpack (LBPASPIRE0104),"1,115",4.4 out of 5 stars,"6,095",N/A,N/A,N/A,N/A
https://www.amazon.in/ADISA-Laptop-Backpack-Office-College/dp/B09TPX22NF/ref=sr_1_16?crid=2M096C61O4MLT&keywords=bags&qid=1692124588&sprefix=ba%2Caps%2C283&sr=8-16,ADISA 15.6 inch laptop backpack office bag college travel back pack 32 Ltrs,549,3.9 out of 5 stars,"1,119",N/A,N/A,N/A,N/A
https://www.amazon.in/Skybags-Brat-Black-Casual-Backpack/dp/B08Z1HHHTD/ref=sr_1_1?crid=2M096C61O4MLT&keywords=bags&qid=1692124678&sprefix=ba%2Caps%2C283&sr=8-1,Skybags Brat Black 46 Cms Casual Backpack,649,4.1 out of 5 stars,"5,449",N/A,N/A,N/A,N/A
https://www.amazon.in/American-Tourister-AMT-SCH-02/dp/B07CJCGM1M/ref=sr_1_2?crid=2M096C61O4MLT&keywords=bags&qid=1692124678&sprefix=ba%2Caps%2C283&sr=8-2,American Tourister Fizz Large Size 32 Ltrs Casual Backpack (BLACK),"1,199",4.0 out of 5 stars,"55,105",Buy American Tourister Fizz Large Size 32 Ltrs Casual Backpack (BLACK) from Casual Backpacks at Amazon.in. 30 days free exchange or return,N/A,N/A,Brand: American Tourister
https://www.amazon.in/Half-Moon-Waterproof-Backpack-Students/dp/B085MHDJ93/ref=sr_1_3?crid=2M096C61O4MLT&keywords=bags&qid=1692124678&sprefix=ba%2Caps%2C283&sr=8-3,"Half Moon 35 Ltrs Water Resistant 15.6 inch Laptop Bag for Men/Backpack for Men, Navy Blue | Office Bag for Men/Office Bag for Women with Padded Laptop Compartment | Rain Cover & Reflective Strips",649,3.9 out of 5 stars,"16,870",N/A,N/A,N/A,N/A
https://www.amazon.in/Half-Moon-Backpack-Luggage-Compartment/dp/B09VCLZ3K4/ref=sr_1_4?crid=2M096C61O4MLT&keywords=bags&qid=1692124678&sprefix=ba%2Caps%2C283&sr=8-4,Half Moon Large 37L Laptop Bag Backpack for menं Women Boys and Girls Luggage Travel Bags with 17.3 inches Laptop Compartment & Rain Cover,849,3.9 out of 5 stars,"3,394",N/A,N/A,N/A,N/A
https://www.amazon.in/gp/bestsellers/luggage/1984997031/ref=sr_bs_4_1984997031_1,"Fur Jaden 55 LTR Rucksack Travel Backpack Bag for Trekking, Hiking with Shoe Compartment",849,4.3 out of 5 stars,"5,572",Amazon.in Bestsellers: The most popular items in Rucksacks & Trekking Backpacks,N/A,N/A,N/A
https://www.amazon.in/TRUE-HUMAN-Anti-Theft-backpack-charging/dp/B09QJ7ZF2Y/ref=sr_1_6?crid=2M096C61O4MLT&keywords=bags&qid=1692124678&sprefix=ba%2Caps%2C283&sr=8-6,TRUE HUMAN EMPEROR® Anti-Theft backpack With USB charging Port Laptop bag/Office bag/college bag/travel bag with anti -theft back pocket (LEGEND),599,3.7 out of 5 stars,"2,437",N/A,N/A,N/A,N/A
https://www.amazon.in/FUR-JADEN-Leatherette-Polypropylene-DUFF05/dp/B07M9BRCQ5/ref=sr_1_7?crid=2M096C61O4MLT&keywords=bags&qid=1692124678&sprefix=ba%2Caps%2C283&sr=8-7,Fur Jaden Brown Textured Leatherette Stylish & Spacious Weekender Duffle Bag for Travel,899,4.3 out of 5 stars,"6,455",N/A,N/A,N/A,N/A
https://www.amazon.in/Backpack-Business-Scratch-resistant-Multiple-Comfortable/dp/B0B6FNPN76/ref=sr_1_8?crid=2M096C61O4MLT&keywords=bags&qid=1692124678&sprefix=ba%2Caps%2C283&sr=8-8,Arctic Hunter Backpack for Men Premium Business Backpack Office Travel Laptop Bag with 15.6 Inch Laptop Pocket Water/Scratch-resistant Multiple Pocket Comfortable and Padded Backpack for Men,"5,699",4.4 out of 5 stars,169,N/A,N/A,N/A,N/A
https://www.amazon.in/Gear-Classic-Leather-Backpack-LBPCLSLTH0201/dp/B07G4F6XFH/ref=sr_1_9?crid=2M096C61O4MLT&keywords=bags&qid=1692124678&sprefix=ba%2Caps%2C283&sr=8-9,Gear Classic 20L Small Size Faux Leather Water Resistant Anti Theft Unisex Laptop Backpack- Brown,979,4.4 out of 5 stars,"6,012",N/A,N/A,N/A,N/A
https://www.amazon.in/Lenovo-15-6-Inches-Everyday-Backpack/dp/B08R7RPVJF/ref=sr_1_10?crid=2M096C61O4MLT&keywords=bags&qid=1692124678&sprefix=ba%2Caps%2C283&sr=8-10,"Lenovo 15.6"" (39.62cm) Slim Everyday Backpack, Made in India, Compact, Water-resistant, Organized storage:Laptop sleeve,tablet pocket,front workstation,2-side pockets,Padded adjustable shoulder straps",839,4.3 out of 5 stars,"4,077",N/A,N/A,N/A,N/A
https://www.amazon.in/American-Tourister-BACKPACK-COMPARTMENT-ORGANIZER/dp/B0BTD4FK9G/ref=sr_1_11?crid=2M096C61O4MLT&keywords=bags&qid=1692124678&sprefix=ba%2Caps%2C283&sr=8-11,"American Tourister VALEX BLUE LAPTOP BACKPACK 28 Ltrs,Volume, LAPTOP COMPARTMENT, BOTTLE POCKET, FRONT ORGANIZER","1,399",4.2 out of 5 stars,629,N/A,N/A,N/A,N/A
https://www.amazon.in/Backpack-Small-Black-Water-Repellant/dp/B088XB5XY8/ref=sr_1_12?crid=2M096C61O4MLT&keywords=bags&qid=1692124678&sprefix=ba%2Caps%2C283&sr=8-12,"Mi Step Out 12 L Mini Backpack (Small Size, Black, Water Repellant)",398,4.1 out of 5 stars,"9,645",N/A,N/A,N/A,N/A
https://www.amazon.in/Number-Backpack-Compartment-Charging-Organizer/dp/B09VTDMRY7/ref=sr_1_13?crid=2M096C61O4MLT&keywords=bags&qid=1692124678&sprefix=ba%2Caps%2C283&sr=8-13,"FUR JADEN Anti Theft Number Lock Backpack Bag with 15.6 Inch Laptop Compartment, USB Charging Port & Organizer Pocket for Men Women Boys Girls",679,4.0 out of 5 stars,"5,456",N/A,N/A,N/A,N/A
https://www.amazon.in/gp/bestsellers/luggage/2917507031/ref=sr_bs_13_2917507031_1,Sfane Polyester 23cms Duffle/Shoulder/Gym Bag for Men & Women with Separate Shoe Compartment (Grey),387,4.3 out of 5 stars,"7,842",Amazon.in Bestsellers: The most popular items in Sports Duffles,N/A,N/A,N/A
https://www.amazon.in/Gear-Black-Laptop-Backpack-LBPASPIRE0104/dp/B075MK4TXP/ref=sr_1_15?crid=2M096C61O4MLT&keywords=bags&qid=1692124678&sprefix=ba%2Caps%2C283&sr=8-15,Gear Cello 30 Ltrs Black Laptop Backpack (LBPASPIRE0104),"1,115",4.4 out of 5 stars,"6,095",Buy Gear Aspire 30L Water Restant Office Laptop Bag/Backpack for Men/Women/(Black) from Laptop Backpacks at Amazon.in. 30 days free exchange or return,N/A,N/A,Brand: Gear
https://www.amazon.in/ADISA-Laptop-Backpack-Office-College/dp/B09TPX22NF/ref=sr_1_16?crid=2M096C61O4MLT&keywords=bags&qid=1692124678&sprefix=ba%2Caps%2C283&sr=8-16,ADISA 15.6 inch laptop backpack office bag college travel back pack 32 Ltrs,549,3.9 out of 5 stars,"1,119",N/A,N/A,N/A,N/A
https://www.amazon.in/Skybags-Brat-Black-Casual-Backpack/dp/B08Z1HHHTD/ref=sr_1_1?crid=2M096C61O4MLT&keywords=bags&qid=1692124766&sprefix=ba%2Caps%2C283&sr=8-1,Skybags Brat Black 46 Cms Casual Backpack,649,4.1 out of 5 stars,"5,449",N/A,N/A,N/A,N/A
https://www.amazon.in/American-Tourister-AMT-SCH-02/dp/B07CJCGM1M/ref=sr_1_2?crid=2M096C61O4MLT&keywords=bags&qid=1692124766&sprefix=ba%2Caps%2C283&sr=8-2,American Tourister Fizz Large Size 32 Ltrs Casual Backpack (BLACK),"1,199",4.0 out of 5 stars,"55,105",N/A,N/A,N/A,N/A
https://www.amazon.in/Half-Moon-Waterproof-Backpack-Students/dp/B085MHDJ93/ref=sr_1_3?crid=2M096C61O4MLT&keywords=bags&qid=1692124766&sprefix=ba%2Caps%2C283&sr=8-3,"Half Moon 35 Ltrs Water Resistant 15.6 inch Laptop Bag for Men/Backpack for Men, Navy Blue | Office Bag for Men/Office Bag for Women with Padded Laptop Compartment | Rain Cover & Reflective Strips",649,3.9 out of 5 stars,"16,870",N/A,N/A,N/A,N/A
https://www.amazon.in/Half-Moon-Backpack-Luggage-Compartment/dp/B09VCLZ3K4/ref=sr_1_4?crid=2M096C61O4MLT&keywords=bags&qid=1692124766&sprefix=ba%2Caps%2C283&sr=8-4,Half Moon Large 37L Laptop Bag Backpack for menं Women Boys and Girls Luggage Travel Bags with 17.3 inches Laptop Compartment & Rain Cover,849,3.9 out of 5 stars,"3,394",N/A,N/A,N/A,N/A
https://www.amazon.in/gp/bestsellers/luggage/1984997031/ref=sr_bs_4_1984997031_1,"Fur Jaden 55 LTR Rucksack Travel Backpack Bag for Trekking, Hiking with Shoe Compartment",849,4.3 out of 5 stars,"5,572",Amazon.in Bestsellers: The most popular items in Rucksacks & Trekking Backpacks,N/A,N/A,N/A
https://www.amazon.in/TRUE-HUMAN-Anti-Theft-backpack-charging/dp/B09QJ7ZF2Y/ref=sr_1_6?crid=2M096C61O4MLT&keywords=bags&qid=1692124766&sprefix=ba%2Caps%2C283&sr=8-6,TRUE HUMAN EMPEROR® Anti-Theft backpack With USB charging Port Laptop bag/Office bag/college bag/travel bag with anti -theft back pocket (LEGEND),599,3.7 out of 5 stars,"2,437",Buy TRUE HUMAN EMPEROR® Anti-Theft backpack With USB charging Port Laptop bag/Office bag/college bag/travel bag with anti -theft back pocket (LEGEND) from Laptop Backpacks at Amazon.in. 30 days free exchange or return,N/A,N/A,Visit the TRUE HUMAN Store
https://www.amazon.in/FUR-JADEN-Leatherette-Polypropylene-DUFF05/dp/B07M9BRCQ5/ref=sr_1_7?crid=2M096C61O4MLT&keywords=bags&qid=1692124766&sprefix=ba%2Caps%2C283&sr=8-7,Fur Jaden Brown Textured Leatherette Stylish & Spacious Weekender Duffle Bag for Travel,899,4.3 out of 5 stars,"6,455",N/A,N/A,N/A,N/A
https://www.amazon.in/Backpack-Business-Scratch-resistant-Multiple-Comfortable/dp/B0B6FNPN76/ref=sr_1_8?crid=2M096C61O4MLT&keywords=bags&qid=1692124766&sprefix=ba%2Caps%2C283&sr=8-8,Arctic Hunter Backpack for Men Premium Business Backpack Office Travel Laptop Bag with 15.6 Inch Laptop Pocket Water/Scratch-resistant Multiple Pocket Comfortable and Padded Backpack for Men,"5,699",4.4 out of 5 stars,169,N/A,N/A,N/A,N/A
https://www.amazon.in/Gear-Classic-Leather-Backpack-LBPCLSLTH0201/dp/B07G4F6XFH/ref=sr_1_9?crid=2M096C61O4MLT&keywords=bags&qid=1692124766&sprefix=ba%2Caps%2C283&sr=8-9,Gear Classic 20L Small Size Faux Leather Water Resistant Anti Theft Unisex Laptop Backpack- Brown,979,4.4 out of 5 stars,"6,012",N/A,N/A,N/A,N/A
https://www.amazon.in/Lenovo-15-6-Inches-Everyday-Backpack/dp/B08R7RPVJF/ref=sr_1_10?crid=2M096C61O4MLT&keywords=bags&qid=1692124766&sprefix=ba%2Caps%2C283&sr=8-10,"Lenovo 15.6"" (39.62cm) Slim Everyday Backpack, Made in India, Compact, Water-resistant, Organized storage:Laptop sleeve,tablet pocket,front workstation,2-side pockets,Padded adjustable shoulder straps",839,4.3 out of 5 stars,"4,077",N/A,N/A,N/A,N/A
https://www.amazon.in/American-Tourister-BACKPACK-COMPARTMENT-ORGANIZER/dp/B0BTD4FK9G/ref=sr_1_11?crid=2M096C61O4MLT&keywords=bags&qid=1692124766&sprefix=ba%2Caps%2C283&sr=8-11,"American Tourister VALEX BLUE LAPTOP BACKPACK 28 Ltrs,Volume, LAPTOP COMPARTMENT, BOTTLE POCKET, FRONT ORGANIZER","1,399",4.2 out of 5 stars,629,N/A,N/A,N/A,N/A
https://www.amazon.in/Backpack-Small-Black-Water-Repellant/dp/B088XB5XY8/ref=sr_1_12?crid=2M096C61O4MLT&keywords=bags&qid=1692124766&sprefix=ba%2Caps%2C283&sr=8-12,"Mi Step Out 12 L Mini Backpack (Small Size, Black, Water Repellant)",398,4.1 out of 5 stars,"9,645",N/A,N/A,N/A,N/A
https://www.amazon.in/Number-Backpack-Compartment-Charging-Organizer/dp/B09VTDMRY7/ref=sr_1_13?crid=2M096C61O4MLT&keywords=bags&qid=1692124766&sprefix=ba%2Caps%2C283&sr=8-13,"FUR JADEN Anti Theft Number Lock Backpack Bag with 15.6 Inch Laptop Compartment, USB Charging Port & Organizer Pocket for Men Women Boys Girls",679,4.0 out of 5 stars,"5,456",N/A,N/A,N/A,N/A
https://www.amazon.in/gp/bestsellers/luggage/2917507031/ref=sr_bs_13_2917507031_1,Sfane Polyester 23cms Duffle/Shoulder/Gym Bag for Men & Women with Separate Shoe Compartment (Grey),387,4.3 out of 5 stars,"7,842",Amazon.in Bestsellers: The most popular items in Sports Duffles,N/A,N/A,N/A
https://www.amazon.in/Gear-Black-Laptop-Backpack-LBPASPIRE0104/dp/B075MK4TXP/ref=sr_1_15?crid=2M096C61O4MLT&keywords=bags&qid=1692124766&sprefix=ba%2Caps%2C283&sr=8-15,Gear Cello 30 Ltrs Black Laptop Backpack (LBPASPIRE0104),"1,115",4.4 out of 5 stars,"6,095",N/A,N/A,N/A,N/A
https://www.amazon.in/ADISA-Laptop-Backpack-Office-College/dp/B09TPX22NF/ref=sr_1_16?crid=2M096C61O4MLT&keywords=bags&qid=1692124766&sprefix=ba%2Caps%2C283&sr=8-16,ADISA 15.6 inch laptop backpack office bag college travel back pack 32 Ltrs,549,3.9 out of 5 stars,"1,119",N/A,N/A,N/A,N/A
